SampleCollectionDate,Region,SiteCode,LocationName,TidalHeight,Transect,SampleProcessingDate,Depth,Salinity,LocationComments,TransectBeginDecimalLatitude,TransectBeginDecimalLongitude,TransectEndDecimalLatitude,TransectEndDecimalLongitude,Year
2019-07-14,AK,A,North Fish Egg,U,1,2019-07-14,NA,31.9,Note that the sampling dates are for the disease blades. Density and epifauna/macrofauna biomas were collected on the previous tidal cycle (7/1-7/5),55.496496,-133.168632,55.496536,-133.168877,2019
2019-07-14,AK,A,North Fish Egg,U,2,2019-07-14,NA,31.9,Note that Transect coords are from the start and end of upper and lower,55.496591,-133.169246,55.496646,-133.169482,2019
2019-07-14,AK,A,North Fish Egg,U,3,2019-07-14,NA,31.9,NA,55.496769,-133.169794,55.496878,-133.169961,2019
2019-07-14,AK,A,North Fish Egg,L,4,2019-07-14,NA,31.9,NA,55.496559,-133.168591,55.49661,-133.168829,2019
2019-07-14,AK,A,North Fish Egg,L,5,2019-07-14,NA,31.8,NA,55.496683,-133.169187,55.496747,-133.169413,2019
2019-07-14,AK,A,North Fish Egg,L,6,2019-07-14,NA,32,NA,55.496866,-133.169731,55.496945,-133.169942,2019
2019-07-15,AK,B,Guktu,U,1,2019-07-15,NA,32.8,NA,55.739933,-133.312145,55.739794,-133.312141,2019
2019-07-15,AK,B,Guktu,U,2,2019-07-15,NA,32.4,NA,55.739585,-133.31212,55.739446,-133.312115,2019
2019-07-15,AK,B,Guktu,U,3,2019-07-15,NA,32.5,NA,55.739239,-133.312157,55.739104,-133.312224,2019
2019-07-15,AK,B,Guktu,L,4,2019-07-15,NA,32.8,NA,55.739951,-133.312189,55.739811,-133.31219,2019
2019-07-15,AK,B,Guktu,L,5,2019-07-15,NA,32.6,NA,55.739603,-133.31217,55.739463,-133.312171,2019
2019-07-15,AK,B,Guktu,L,6,2019-07-15,NA,32.5,NA,55.739255,-133.31221,55.739119,-133.312258,2019
2019-07-16,AK,C,Nossuk,U,1,2019-07-16,NA,31.3,NA,55.7072,-133.343125,55.707234,-133.342877,2019
2019-07-16,AK,C,Nossuk,U,2,2019-07-16,NA,31.4,NA,55.707282,-133.342503,55.707314,-133.342254,2019
2019-07-16,AK,C,Nossuk,U,3,2019-07-16,NA,31.8,NA,55.707344,-133.341874,55.707394,-133.341636,2019
2019-07-16,AK,C,Nossuk,L,4,2019-07-16,NA,32,NA,55.707282,-133.343143,55.70731,-133.342896,2019
2019-07-16,AK,C,Nossuk,L,5,2019-07-16,NA,31.5,NA,55.707354,-133.342525,55.707385,-133.342278,2019
2019-07-16,AK,C,Nossuk,L,6,2019-07-16,NA,32.3,NA,55.707437,-133.34191,55.707499,-133.341684,2019
2019-07-17,AK,D,Natzuhini,U,1,2019-07-17,NA,31.9,NA,55.248717,-132.880889,55.248815,-132.881071,2019
2019-07-17,AK,D,Natzuhini,U,2,2019-07-17,NA,31.8,NA,55.24895,-132.881365,55.249036,-132.881566,2019
2019-07-17,AK,D,Natzuhini,U,3,2019-07-17,NA,31.8,NA,55.249177,-132.881852,55.249282,-132.882023,2019
2019-07-17,AK,D,Natzuhini,L,4,2019-07-17,NA,31.9,NA,55.248734,-132.880842,55.24883,-132.881029,2019
2019-07-17,AK,D,Natzuhini,L,5,2019-07-17,NA,31.9,NA,55.248967,-132.881319,55.249056,-132.881516,2019
2019-07-17,AK,D,Natzuhini,L,6,2019-07-17,NA,31.8,NA,55.249199,-132.881798,55.249298,-132.88198,2019
2019-07-18,AK,E,Shinaku,U,1,2019-07-18,NA,22.4,NA,55.597339,-133.163427,55.597417,-133.163212,2019
2019-07-18,AK,E,Shinaku,U,2,2019-07-18,NA,30.8,NA,55.597544,-133.162904,55.597638,-133.162711,2019
2019-07-18,AK,E,Shinaku,U,3,2019-07-18,NA,30.2,NA,55.597782,-133.162426,55.597874,-133.162231,2019
2019-07-18,AK,E,Shinaku,L,4,2019-07-18,NA,30.6,NA,55.597359,-133.163469,55.59744,-133.163257,2019
2019-07-18,AK,E,Shinaku,L,5,2019-07-18,NA,31,NA,55.597564,-133.162943,55.597656,-133.162745,2019
2019-07-18,AK,E,Shinaku,L,6,2019-07-18,NA,31,NA,55.5978,-133.162457,55.597898,-133.16227,2019
2019-07-19,AK,F,Refugio,U,1,2019-07-19,NA,32.4,NA,55.283809,-133.333526,55.2835203333333,-133.333588,2019
2019-07-19,AK,F,Refugio,U,2,2019-07-19,NA,32.5,NA,55.2835203333333,-133.333588,55.2832316666667,-133.33365,2019
2019-07-19,AK,F,Refugio,U,3,2019-07-19,NA,32.5,NA,55.2832316666667,-133.33365,55.282943,-133.333712,2019
2019-07-19,AK,F,Refugio,L,4,2019-07-19,NA,32.3,NA,55.2838,-133.333457,55.2835163333333,-133.333506333333,2019
2019-07-19,AK,F,Refugio,L,5,2019-07-19,NA,32.5,NA,55.2835163333333,-133.333506333333,55.2832326666667,-133.333555666667,2019
2019-07-19,AK,F,Refugio,L,6,2019-07-19,NA,32.5,NA,55.2832326666667,-133.333555666667,55.282949,-133.333605,2019
2019-07-29,BC,A,Pruth Bay,U,1,2019-07-29,1.6,29.43,compass 214 from TransectBegin to End,51.64495,-128.11891,51.6448,-128.11911,2019
2019-07-29,BC,A,Pruth Bay,U,2,2019-07-29,1.6,29.32,compass 180 from TransectBegin to End,51.64474,-128.11926,51.64472,-128.11955,2019
2019-07-29,BC,A,Pruth Bay,U,3,2019-07-29,1.6,26.69,"compass 321 from TransectBegin to End, adjacent to stream",51.64435,-128.12009,51.64452,-128.12025,2019
2019-07-30,BC,A,Pruth Bay,L,4,2019-07-30,0.6,27.26,compass bearing 190 from Begin to End,51.6454,-128.119,51.64523,-128.11911,2019
2019-07-30,BC,A,Pruth Bay,L,5,2019-07-30,0.6,27.4,compass bearing 263 from Begin to End,51.64555,-128.11946,51.64568,-128.11966,2019
2019-07-30,BC,A,Pruth Bay,L,6,2019-07-30,0.6,27.56,compass bearing 348 from Begin to End,51.64532,-128.12004,51.64548,-128.11996,2019
2019-07-31,BC,B,Underhill/water,U,1,2019-07-31,0.3,26.49,NA,51.77021,-128.05965,51.77037,-128.05984,2019
2019-07-31,BC,B,Underhill/water,U,2,2019-07-31,0.2,26.71,compass bearing 335 from Begin to End,51.77053,-128.06001,51.77073,-128.06015,2019
2019-07-31,BC,B,Underhill/water,U,3,2019-07-31,0.1,24.13,Finished Density on 2019-08-04,51.77124,-128.06027,51.771422,-128.060284,2019
2019-07-31,BC,B,Underhill/water,L,4,2019-07-31,0,27.28,NA,51.77027,-128.05959,51.77041,-128.05977,2019
2019-07-31,BC,B,Underhill/water,L,5,2019-07-31,-0.2,26.95,NA,51.77032,-128.05971,51.77057,-128.05997,2019
2019-07-31,BC,B,Underhill/water,L,6,2019-07-31,-0.4,28.21,"Epis + Disease on 2019 -08-04, Density + Mesograzers on 2019-08-08",51.771249,-128.06019,51.771428,-128.060213,2019
2019-08-01,BC,C,Triquet,U,1,2019-08-01,0.4,30.74,NA,51.80761,-128.23691,51.80774,-128.23714,2019
2019-08-01,BC,C,Triquet,U,2,2019-08-01,0.4,30.39,NA,51.80782,-128.23721,51.80798,-128.23732,2019
2019-08-01,BC,C,Triquet,U,3,2019-08-01,0.4,28.98,freshwater seep,51.80805,-128.23744,51.80824,-128.23747,2019
2019-08-01,BC,C,Triquet,L,4,2019-08-01,0.2,30.17,NA,51.80806,-128.23622,51.80812,-128.2365,2019
2019-08-01,BC,C,Triquet,L,5,2019-08-01,0.2,30.14,NA,51.80814,-128.23663,51.8082,-128.23691,2019
2019-08-01,BC,C,Triquet,L,6,2019-08-01,0.2,30.12,NA,51.80824,-128.237,51.80842,-128.23683,2019
2019-08-02,BC,D,Goose SW,U,1,2019-08-02,0.4,31.62,NA,51.9239,-128.47015,51.92403,-128.47034,2019
2019-08-02,BC,D,Goose SW,U,2,2019-08-02,0.5,31.42,334 bearing,51.92413,-128.47061,51.92432,-128.47058,2019
2019-08-02,BC,D,Goose SW,U,3,2019-08-02,0.4,31.74,93 bearing,51.92437,-128.47034,51.92431,-128.47009,2019
2019-08-02,BC,D,Goose SW,L,4,2019-08-02,0.1,31.72,274 bearing,51.92354,-128.46947,51.92381,-128.46956,2019
2019-08-02,BC,D,Goose SW,L,5,2019-08-02,0.07,31.76,290 bearing,51.92381,-128.46956,51.92394,-128.46962,2019
2019-08-02,BC,D,Goose SW,L,6,2019-08-02,0.04,31.8,47 bearing,51.92413,-128.46945,51.92414,-128.46916,2019
2019-08-03,BC,E,Superstition,U,1,2019-08-04,0.7,30.46,115 bearing. Very high shoot counts in upper transects = high inaccuracy (+/- 25),51.89445,-128.23503,51.89431,-128.23486,2019
2019-08-03,BC,E,Superstition,U,2,2019-08-05,0.7,30.9,164 bearing. Very high shoot count in upper transects = high inaccuracy (+/- 25),51.89413,-128.23474,51.89399,-128.23453,2019
2019-08-03,BC,E,Superstition,U,3,2019-08-06,0.7,30.8,135 bearing. Very high shoot count in upper transects = high inaccuracy (+/- 25),51.8938,-128.23428,51.89366,-128.23402,2019
2019-08-03,BC,E,Superstition,L,4,2019-08-07,0.3,30.44,135 bearing,51.89411,-128.23553,51.89405,-128.23524,2019
2019-08-03,BC,E,Superstition,L,5,2019-08-08,0.3,30.71,120 bearing,51.89399,-128.23503,51.89389,-128.23479,2019
2019-08-03,BC,E,Superstition,L,6,2019-08-09,0.3,30.86,90 bearing,51.89383,-128.23462,51.8937,-128.23441,2019
2019-07-14,WA,A,Fourth of July,U,1,2019-07-14,NA,35,The transects established in July 2019 at FJ are slightly different from the GPS points collected in June 2019 (when doing the drone mapping). Recorded here are the coordinates from July (where the permanent markers are now established),48.468323,-123.002664,NA,NA,2019
2019-07-14,WA,A,Fourth of July,U,2,2019-07-14,NA,34,NA,48.46846,-123.002898,NA,NA,2019
2019-07-14,WA,A,Fourth of July,U,3,2019-07-14,NA,35,NA,48.468634,-123.003168,NA,NA,2019
2019-07-14,WA,A,Fourth of July,L,4,2019-07-14,NA,NA,***FJ.4L coordinate is from June - did not take a new coordinate in July 2019,48.468591,-123.002299,NA,NA,2019
2019-07-14,WA,A,Fourth of July,L,5,2019-07-14,NA,NA,NA,48.468676,-123.002602,NA,NA,2019
2019-07-14,WA,A,Fourth of July,L,6,2019-07-14,NA,NA,NA,48.468817,-123.002876,NA,NA,2019
2019-07-15,WA,B,False Bay,U,1,2019-07-15,NA,36.5,These are the original FB coordinates taken with phones in the field. New coordinates taken with the Harvell GPS are still on the GPS!! including endpoints for all transects,48.482656,-123.074413,NA,NA,2019
2019-07-15,WA,B,False Bay,U,2,2019-07-15,NA,36.5,NA,48.482796,-123.074281,NA,NA,2019
2019-07-15,WA,B,False Bay,U,3,2019-07-15,NA,36.5,NA,48.483866,-123.073905,NA,NA,2019
2019-07-15,WA,B,False Bay,L,4,2019-07-15,NA,NA,NA,48.482598,-123.074358,NA,NA,2019
2019-07-15,WA,B,False Bay,L,5,2019-07-15,NA,NA,NA,48.482775,-123.074129,NA,NA,2019
2019-07-15,WA,B,False Bay,L,6,2019-07-15,NA,NA,NA,48.482822,-123.073933,NA,NA,2019
2019-07-18,WA,C,Beach Haven,U,1,2019-07-18,NA,NA,Beach Haven coordinates are also updated slightly from the June drone mapping coordinates,48.691983,-122.952152,48.691878,-122.95237,2019
2019-07-18,WA,C,Beach Haven,U,2,2019-07-18,NA,NA,NA,48.691851,-122.952432,48.691772,-122.952669,2019
2019-07-18,WA,C,Beach Haven,U,3,2019-07-18,NA,NA,NA,48.691751,-122.952724,NA,NA,2019
2019-07-18,WA,C,Beach Haven,L,4,2019-07-18,NA,NA,NA,48.692011,-122.952169,NA,NA,2019
2019-07-18,WA,C,Beach Haven,L,5,2019-07-18,NA,NA,NA,48.69188,-122.952466,NA,NA,2019
2019-07-18,WA,C,Beach Haven,L,6,2019-07-18,NA,NA,NA,48.691775,-122.952737,NA,NA,2019
2019-07-29,WA,D,North Cove,U,1,2019-07-29,NA,27,NA,48.704809,-123.053744,48.704719,-123.053966,2019
2019-07-29,WA,D,North Cove,U,2,2019-07-29,NA,29,NA,48.704672,-123.054033,48.704603,-123.054281,2019
2019-07-29,WA,D,North Cove,U,3,2019-07-29,NA,29,NC U3 and L6 0 m points are way off - need to collect better points!,48.704552,-123.054347,48.704437,-123.054584,2019
2019-07-29,WA,D,North Cove,L,4,2019-07-29,NA,28,NA,48.704823,-123.05377,48.704737,-123.054007,2019
2019-07-29,WA,D,North Cove,L,5,2019-07-29,NA,29,NA,48.70471,-123.054053,48.704601,-123.05429,2019
2019-07-29,WA,D,North Cove,L,6,2019-07-29,NA,29,NA,48.704541,-123.054377,48.704459,-123.054622,2019
2019-07-30,WA,E,Indian Cove,U,1,2019-07-30,NA,33,Some of the IC endpoints are way off but the starting points are good,48.563353,-122.93589,48.563464,-122.935449,2019
2019-07-30,WA,E,Indian Cove,U,2,2019-07-30,NA,34,NA,48.563431,-122.935569,48.563472,-122.935286,2019
2019-07-30,WA,E,Indian Cove,U,3,2019-07-30,NA,34,NA,48.563467,-122.93524,48.563531,-122.934977,2019
2019-07-30,WA,E,Indian Cove,L,4,2019-07-30,NA,34,NA,48.563311,-122.935871,48.563385,-122.935625,2019
2019-07-30,WA,E,Indian Cove,L,5,2019-07-30,NA,33,NA,48.563396,-122.935541,48.563445,-122.935292,2019
2019-07-30,WA,E,Indian Cove,L,6,2019-07-30,NA,34,NA,48.563442,-122.93523,48.5635,-122.934959,2019
2019-07-02,OR,A,Bar View,U,1,2019-07-02,NA,NA,NA,43.345965,-124.317859,43.345854,-124.318039,2019
2019-07-02,OR,A,Bar View,U,2,2019-07-02,NA,NA,NA,43.34577,-124.318058,43.345895,-124.318238,2019
2019-07-02,OR,A,Bar View,U,3,2019-07-02,NA,NA,NA,43.345911,-124.318344,43.345921,-124.318573,2019
2019-07-02,OR,A,Bar View,L,4,2019-07-02,NA,NA,"Two different GPS points for BV.L4.20 m - both close together, chose the one more in line with L5",43.346417,-124.318034,43.346268,-124.318185,2019
2019-07-02,OR,A,Bar View,L,5,2019-07-02,NA,NA,NA,43.346253,-124.318258,43.346096,-124.318403,2019
2019-07-02,OR,A,Bar View,L,6,2019-07-02,NA,NA,NA,43.346115,-124.31847,43.346104,-124.318725,2019
2019-07-06,OR,B,Fossil Point,U,1,2019-07-06,NA,NA,NA,43.359001,-124.309629,43.358908,-124.309813,2019
2019-07-06,OR,B,Fossil Point,U,2,2019-07-06,NA,NA,NA,43.358871,-124.309866,43.358804,-124.310094,2019
2019-07-06,OR,B,Fossil Point,U,3,2019-07-06,NA,NA,NA,43.358779,-124.310158,43.358735,-124.3104,2019
2019-07-06,OR,B,Fossil Point,L,4,2019-07-06,NA,NA,NA,43.359915,-124.309853,43.359739,-124.309796,2019
2019-07-06,OR,B,Fossil Point,L,5,2019-07-06,NA,NA,NA,43.359682,-124.30979,43.359561,-124.30995,2019
2019-07-06,OR,B,Fossil Point,L,6,2019-07-06,NA,NA,NA,43.359509,-124.310007,43.359406,-124.310182,2019
2019-07-04,OR,C,Sally Bend South,U,1,2019-07-04,NA,NA,NA,44.613179,-124.013933,44.612987,-124.013858,2019
2019-07-04,OR,C,Sally Bend South,U,2,2019-07-04,NA,NA,NA,44.61291,-124.013797,44.612731,-124.013813,2019
2019-07-04,OR,C,Sally Bend South,U,3,2019-07-04,NA,NA,NA,44.612661,-124.013774,44.612537,-124.013645,2019
2019-07-04,OR,C,Sally Bend South,L,4,2019-07-04,NA,NA,NA,44.613177,-124.014238,44.613,-124.014162,2019
2019-07-04,OR,C,Sally Bend South,L,5,2019-07-04,NA,NA,NA,44.612948,-124.014145,44.61278,-124.01405,2019
2019-07-04,OR,C,Sally Bend South,L,6,2019-07-04,NA,NA,NA,44.612736,-124.014057,44.612588,-124.013927,2019
2019-07-05,OR,D,Idaho Flats,U,1,2019-07-05,NA,NA,NA,44.619124,-124.032145,44.61917,-124.032388,2019
2019-07-05,OR,D,Idaho Flats,U,2,2019-07-05,NA,NA,NA,44.619186,-124.03245,44.619233,-124.032686,2019
2019-07-05,OR,D,Idaho Flats,U,3,2019-07-05,NA,NA,NA,44.619241,-124.032753,44.619216,-124.033024,2019
2019-07-05,OR,D,Idaho Flats,L,4,2019-07-05,NA,NA,NA,44.619631,-124.032343,44.61973,-124.032571,2019
2019-07-05,OR,D,Idaho Flats,L,5,2019-07-05,NA,NA,NA,44.61974,-124.032628,44.619726,-124.03287,2019
2019-07-05,OR,D,Idaho Flats,L,6,2019-07-05,NA,NA,NA,44.619747,-124.03292,44.61976,-124.033181,2019
2019-07-06,OR,E,Sally Bend North,U,1,2019-07-06,NA,NA,NA,44.623738,-124.0226,44.623896,-124.022698,2019
2019-07-06,OR,E,Sally Bend North,U,2,2019-07-06,NA,NA,NA,44.623685,-124.023171,44.623773,-124.023377,2019
2019-07-06,OR,E,Sally Bend North,U,3,2019-07-06,NA,NA,Need to adjust the point for E.U3.20 - was changed in the field,44.623801,-124.023488,44.623822,-124.023742,2019
2019-07-06,OR,E,Sally Bend North,L,4,2019-07-06,NA,NA,NA,44.622205,-124.023789,44.62231,-124.023735,2019
2019-07-06,OR,E,Sally Bend North,L,5,2019-07-06,NA,NA,NA,44.622358,-124.023693,44.622495,-124.023543,2019
2019-07-06,OR,E,Sally Bend North,L,6,2019-07-06,NA,NA,NA,44.622557,-124.023538,44.62276,-124.023439,2019
2019-07-02,BB,A,Westside Park,U,1,2019-07-02,0,34,Note - coordinates for BB.A transects are from 2020 sampling; however no transects were shifted relative to 2019 so these points are accurate,38.31871,-123.053948,38.318862,-123.053793,2019
2019-07-02,BB,A,Westside Park,U,2,2019-07-02,0,34,NA,38.318894,-123.053749,38.319069,-123.053713,2019
2019-07-02,BB,A,Westside Park,U,3,2019-07-02,0,34,NA,38.319131,-123.053713,38.319322,-123.053751,2019
2019-07-02,BB,A,Westside Park,L,4,2019-07-02,0.1,34,NA,38.31867,-123.053792,38.318819,-123.053663,2019
2019-07-02,BB,A,Westside Park,L,5,2019-07-02,0.1,34,NA,38.318892,-123.053538,38.319039,-123.05367,2019
2019-07-02,BB,A,Westside Park,L,6,2019-07-02,0.1,34,NA,38.319145,-123.053656,38.319322,-123.053683,2019
2019-07-03,BB,B,Mason's Marina,U,1,2019-07-03,0,34,NA,38.33317101,-123.059494,38.33334502,-123.059523,2019
2019-07-03,BB,B,Mason's Marina,U,2,2019-07-03,0,34,NA,38.33336798,-123.059449,38.33354199,-123.059535,2019
2019-07-03,BB,B,Mason's Marina,U,3,2019-07-03,0,34,NA,38.33363897,-123.059563,38.333787,-123.059675,2019
2019-07-03,BB,B,Mason's Marina,L,4,2019-07-03,0.1,34,NA,38.33316104,-123.059385,38.33334602,-123.059433,2019
2019-07-03,BB,B,Mason's Marina,L,5,2019-07-03,0.1,34,NA,38.33338198,-123.059405,38.33356597,-123.059438,2019
2019-07-03,BB,B,Mason's Marina,L,6,2019-07-03,0.1,34,NA,38.333601,-123.05947,38.33375699,-123.059595,2019
2019-07-05,BB,C,Nick's Cove,U,1,2019-07-05,0,30,NA,38.20476796,-122.927469,38.20482597,-122.927261,2019
2019-07-05,BB,C,Nick's Cove,U,2,2019-07-05,0,30,NA,38.20465498,-122.927547,38.20473502,-122.927319,2019
2019-07-05,BB,C,Nick's Cove,U,3,2019-07-05,0,30,NA,38.20462698,-122.927044,38.20476796,-122.927182,2019
2019-07-05,BB,C,Nick's Cove,L,4,2019-07-05,0.1,30,NA,38.20456596,-122.926448,38.20473301,-122.926549,2019
2019-07-05,BB,C,Nick's Cove,L,5,2019-07-05,0.1,30,NA,38.20434996,-122.926358,38.20451299,-122.926427,2019
2019-07-05,BB,C,Nick's Cove,L,6,2019-07-05,0.1,30,NA,38.20434602,-122.926183,38.20451802,-122.92616,2019
2019-07-17,BB,D,Campbell Cove,U,1,2019-07-17,0,34,NA,38.30976698,-123.059039,38.30984199,-123.05927,2019
2019-07-17,BB,D,Campbell Cove,U,2,2019-07-17,0,34,NA,38.30978701,-123.05901,38.309972,-123.059037,2019
2019-07-17,BB,D,Campbell Cove,U,3,2019-07-17,0,34,NA,38.30989396,-123.0593,38.30997401,-123.059096,2019
2019-07-17,BB,D,Campbell Cove,L,4,2019-07-17,0.1,34,NA,38.31034399,-123.059161,38.30985004,-123.058922,2019
2019-07-17,BB,D,Campbell Cove,L,5,2019-07-17,0.1,34,NA,38.30987602,-123.058908,38.31002296,-123.058789,2019
2019-07-17,BB,D,Campbell Cove,L,6,2019-07-17,0.1,34,NA,38.31004601,-123.058737,38.31013897,-123.058545,2019
2019-07-31,BB,E,Millerton,U,1,2019-07-31,0,32,NA,38.10490103,-122.846248,38.10497303,-122.846464,2019
2019-07-31,BB,E,Millerton,U,2,2019-07-31,0,32,NA,38.10499599,-122.846629,38.10505299,-122.84684,2019
2019-07-31,BB,E,Millerton,U,3,2019-07-31,0,32,NA,38.10498099,-122.846189,38.10504,-122.846415,2019
2019-07-31,BB,E,Millerton,L,4,2019-07-31,0.1,32,NA,38.10507302,-122.846577,38.10514896,-122.846803,2019
2019-07-31,BB,E,Millerton,L,5,2019-07-31,0.1,32,NA,38.10504402,-122.846131,38.10512097,-122.846363,2019
2019-07-31,BB,E,Millerton,L,6,2019-07-31,0.1,32,NA,38.10517101,-122.846491,38.10522398,-122.84671,2019
2019-08-02,BB,F,Blake's Landing,U,1,2019-08-02,0,34,NA,38.17882799,-122.908865,38.17867099,-122.908758,2019
2019-08-02,BB,F,Blake's Landing,U,2,2019-08-02,0,34,NA,38.17861299,-122.908716,38.17844996,-122.908618,2019
2019-08-02,BB,F,Blake's Landing,U,3,2019-08-02,0,34,NA,38.17824997,-122.908428,38.17813899,-122.908264,2019
2019-08-02,BB,F,Blake's Landing,L,4,2019-08-02,0.1,34,NA,38.17865096,-122.909126,38.17847896,-122.909081,2019
2019-08-02,BB,F,Blake's Landing,L,5,2019-08-02,0.1,34,NA,38.17843596,-122.909032,38.178313,-122.908869,2019
2019-08-02,BB,F,Blake's Landing,L,6,2019-08-02,0.1,34,NA,38.17826699,-122.908804,38.178154,-122.90863,2019
2019-07-22,SD,A,Chula Vista,L,4,2019-07-23,0.55,35,NA,32.62597,-117.10671,NA,NA,2019
2019-07-22,SD,A,Chula Vista,L,5,2019-07-23,0.55,35,NA,32.62565,-117.10646,NA,NA,2019
2019-07-22,SD,A,Chula Vista,L,6,2019-07-23,0.55,35,NA,32.62539,-117.10626,NA,NA,2019
2019-07-22,SD,A,Chula Vista,U,1,2019-07-23,0.15,35,NA,32.62603,-117.10664,NA,NA,2019
2019-07-22,SD,A,Chula Vista,U,2,2019-07-23,0.15,35,NA,32.62567,-117.10639,NA,NA,2019
2019-07-22,SD,A,Chula Vista,U,3,2019-07-23,0.15,35,NA,32.62535,-117.10621,NA,NA,2019
2019-07-18,SD,B,Fiesta Island,L,4,2019-07-19,0.5,35,NA,32.77188,-117.21993,NA,NA,2019
2019-07-18,SD,B,Fiesta Island,L,5,2019-07-19,0.5,35,NA,32.7716,-117.21967,NA,NA,2019
2019-07-18,SD,B,Fiesta Island,L,6,2019-07-19,0.5,35,NA,32.77132,-117.21935,NA,NA,2019
2019-07-18,SD,B,Fiesta Island,U,1,2019-07-19,0.25,35,NA,32.77195,-117.21988,NA,NA,2019
2019-07-18,SD,B,Fiesta Island,U,2,2019-07-19,0.25,35,NA,32.7717,-117.21958,NA,NA,2019
2019-07-18,SD,B,Fiesta Island,U,3,2019-07-19,0.25,35,NA,32.77141,-117.21929,NA,NA,2019
2019-07-26,SD,C,San Dieguito Lagoon,L,4,2019-07-26,0.4,34,NA,32.970515,-117.25244000000001,32.970563,-117.252226,2019
2019-07-26,SD,C,San Dieguito Lagoon,L,5,2019-07-26,0.4,34,NA,32.970618,-117.251969,32.97066,-117.251759,2019
2019-07-26,SD,C,San Dieguito Lagoon,L,6,2019-07-26,0.4,34,NA,32.970645,-117.251359,32.970481,-117.251268,2019
2019-07-26,SD,C,San Dieguito Lagoon,U,1,2019-07-26,0.15,34,NA,32.970573,-117.252467,32.970622,-117.252259,2019
2019-07-26,SD,C,San Dieguito Lagoon,U,2,2019-07-26,0.15,34,NA,32.97068,-117.251914,32.970707,-117.251693,2019
2019-07-26,SD,C,San Dieguito Lagoon,U,3,2019-07-26,0.15,34,NA,32.97039,-117.251124,32.970227,-117.251027,2019
2019-07-17,SD,D,Shelter Island,L,4,2019-07-17,0.4,34,NA,32.71385,-117.22563,32.713977,-117.225475,2019
2019-07-17,SD,D,Shelter Island,L,5,2019-07-17,0.4,34,NA,32.714114,-117.225248,32.714219,-117.225072,2019
2019-07-17,SD,D,Shelter Island,L,6,2019-07-17,0.4,34,NA,32.714321,-117.224798,32.714439,-117.224616,2019
2019-07-17,SD,D,Shelter Island,U,1,2019-07-17,0.2,34,NA,32.713975,-117.225623,32.7141,-117.225465,2019
2019-07-17,SD,D,Shelter Island,U,2,2019-07-17,0.2,34,NA,32.714207,-117.225261,32.714315,-117.225074,2019
2019-07-17,SD,D,Shelter Island,U,3,2019-07-17,0.2,34,NA,32.714418,-117.224802,32.714528,-117.224619,2019
2019-07-25,SD,E,Crown Point,L,4,2019-07-25,0.35,35,NA,32.78932,-117.23137,NA,NA,2019
2019-07-25,SD,E,Crown Point,L,5,2019-07-25,0.35,35,NA,32.78956,-117.23112,NA,NA,2019
2019-07-25,SD,E,Crown Point,L,6,2019-07-25,0.35,35,NA,32.78982,-117.2308,NA,NA,2019
2019-07-25,SD,E,Crown Point,U,1,2019-07-25,0.2,35,NA,32.78935,-117.231421,NA,NA,2019
2019-07-25,SD,E,Crown Point,U,2,2019-07-25,0.2,35,NA,32.78961,-117.23113,NA,NA,2019
2019-07-25,SD,E,Crown Point,U,3,2019-07-25,0.2,35,NA,32.78986,-117.23085,NA,NA,2019
2020-08-01,AK,A,North Fish Egg,U,1,2020-08-01,0,NA,Depth is transect depth at 0 tide. After sampling on the rising tide salinity was only taken along lower transect,55.496459,-133.168465,55.496823,-133.17007,2020
2020-08-01,AK,A,North Fish Egg,U,2,2020-08-01,0,NA,transect was 100 m tape so beg/end coordinates are the same for each upper transec,55.496459,-133.168465,55.496823,-133.17007,2020
2020-08-01,AK,A,North Fish Egg,U,3,2020-08-01,0,NA,NA,55.496459,-133.168465,55.496823,-133.17007,2020
2020-08-01,AK,A,North Fish Egg,L,4,2020-08-01,0.3,30,Salinity taken at surface and at 1m,55.496519,-133.168554,55.496833,-133.170012,2020
2020-08-01,AK,A,North Fish Egg,L,5,2020-08-01,0.3,30,NA,55.496519,-133.168554,55.496833,-133.170012,2020
2020-08-01,AK,A,North Fish Egg,L,6,2020-08-01,0.3,30,NA,55.496519,-133.168554,55.496833,-133.170012,2020
2020-07-24,AK,B,Guktu,U,1,2020-08-04,NA,NA,NA,55.739976,-133.312078,55.739062,-133.312133,2020
2020-07-24,AK,B,Guktu,U,2,2020-08-04,NA,NA,NA,55.739976,-133.312078,55.739062,-133.312133,2020
2020-07-24,AK,B,Guktu,U,3,2020-08-04,NA,NA,NA,55.739976,-133.312078,55.739062,-133.312133,2020
2020-07-24,AK,B,Guktu,L,4,2020-08-04,NA,31.4,NA,55.739097,-133.312186,55.739078,-133.312758,2020
2020-07-24,AK,B,Guktu,L,5,2020-08-04,NA,31.7,NA,55.739097,-133.312186,55.739078,-133.312758,2020
2020-07-24,AK,B,Guktu,L,6,2020-08-04,NA,31.5,NA,55.739097,-133.312186,55.739078,-133.312758,2020
2020-08-02,AK,C,Nossuk,U,1,2020-08-02,0.15,NA,NA,55.707172,-133.343185,555.70747,-133.34164,2020
2020-08-02,AK,C,Nossuk,U,2,2020-08-02,0.15,NA,NA,55.707172,-133.343185,555.70747,-133.34164,2020
2020-08-02,AK,C,Nossuk,U,3,2020-08-02,0.15,NA,NA,55.707172,-133.343185,555.70747,-133.34164,2020
2020-08-02,AK,C,Nossuk,L,4,2020-08-02,0.3,31.3,NA,55.707218,-133.343164,55.707565,-133.341679,2020
2020-08-02,AK,C,Nossuk,L,5,2020-08-02,0.3,31.4,NA,55.707218,-133.343164,55.707565,-133.341679,2020
2020-08-02,AK,C,Nossuk,L,6,2020-08-02,0.3,31.5,NA,55.707218,-133.343164,55.707565,-133.341679,2020
2020-07-21,AK,D,Natzuhini,U,1,NA,NA,25.9,NA,NA,NA,NA,NA,2020
2020-07-21,AK,D,Natzuhini,U,2,NA,NA,28.5,NA,NA,NA,NA,NA,2020
2020-07-21,AK,D,Natzuhini,U,3,NA,NA,26.1,NA,NA,NA,NA,NA,2020
2020-07-21,AK,D,Natzuhini,L,4,NA,NA,28.5,NA,NA,NA,NA,NA,2020
2020-07-21,AK,D,Natzuhini,L,5,NA,NA,26.3,NA,NA,NA,NA,NA,2020
2020-07-21,AK,D,Natzuhini,L,6,NA,NA,28.3,NA,NA,NA,NA,NA,2020
2020-07-19,AK,E,Shinaku,U,1,NA,NA,13.5,NA,NA,NA,NA,NA,2020
2020-07-19,AK,E,Shinaku,U,2,NA,NA,24.6,NA,NA,NA,NA,NA,2020
2020-07-19,AK,E,Shinaku,U,3,NA,NA,13,NA,NA,NA,NA,NA,2020
2020-07-19,AK,E,Shinaku,L,4,NA,NA,24.8,NA,NA,NA,NA,NA,2020
2020-07-19,AK,E,Shinaku,L,5,NA,NA,18,NA,NA,NA,NA,NA,2020
2020-07-19,AK,E,Shinaku,L,6,NA,NA,26.1,NA,NA,NA,NA,NA,2020
2020-07-23,AK,F,Refugio,U,1,NA,NA,30.6,NA,NA,NA,NA,NA,2020
2020-07-23,AK,F,Refugio,U,2,NA,NA,30.9,NA,NA,NA,NA,NA,2020
2020-07-23,AK,F,Refugio,U,3,NA,NA,30.8,NA,NA,NA,NA,NA,2020
2020-07-23,AK,F,Refugio,L,4,NA,NA,31,NA,NA,NA,NA,NA,2020
2020-07-23,AK,F,Refugio,L,5,NA,NA,31.6,NA,NA,NA,NA,NA,2020
2020-07-23,AK,F,Refugio,L,6,NA,NA,30.9,NA,NA,NA,NA,NA,2020
2020-07-31,BC,A,Pruth Bay,U,1,2020-07-31,1.6,25.41,Temp logger not working,51.64495,-128.11891,51.6448,-128.11911,2020
2020-07-31,BC,A,Pruth Bay,U,2,2020-07-31,1.6,25.47,Temp logger not working,51.64474,-128.11926,51.64472,-128.11955,2020
2020-08-01,BC,A,Pruth Bay,U,3,2020-08-01,1.6,24.23,NA,51.64435,-128.12009,51.64452,-128.12025,2020
2020-08-01,BC,A,Pruth Bay,L,4,2020-08-01,0.6,25.14,NA,51.6454,-128.119,51.64523,-128.11911,2020
2020-08-01,BC,A,Pruth Bay,L,5,2020-08-01,0.6,25.27,NA,51.64555,-128.11946,51.64568,-128.11966,2020
2020-08-01,BC,A,Pruth Bay,L,6,2020-08-01,0.6,25.28,NA,51.64532,-128.12004,51.64548,-128.11996,2020
2020-07-22,BC,B,Underhill,U,1,2020-07-22,0.3,25,salinty by refractometer,51.77021,-128.05965,51.77037,-128.05984,2020
2020-07-22,BC,B,Underhill,U,2,2020-07-22,0.2,25,salinty by refractometer,51.77053,-128.06001,51.77073,-128.06015,2020
2020-07-22,BC,B,Underhill,U,3,2020-07-22,0.1,26,salinty by refractometer,51.77124,-128.06027,51.771422,-128.060284,2020
2020-07-22,BC,B,Underhill,L,4,2020-07-22,0,26.59,Fresh water layer. Collected disease and epiphyte shoots on 2020-7-22.,51.77027,-128.05959,51.77041,-128.05977,2020
2020-08-05,BC,B,Underhill,L,5,2020-08-05,-0.2,26.62,Updated GPS points this year since points from last year appeared wrong once in ArcGIS map (overlapped with L4 transect). Estimated new points in Arc Collector.,51.77054247,-128.05988141,51.77075504,-128.06002987,2020
2020-08-05,BC,B,Underhill,L,6,2020-08-05,-0.4,26.17,NA,51.771249,-128.06019,51.771428,-128.060213,2020
2020-08-02,BC,C,Triquet Bay,U,1,2020-08-02,0.4,27.11,NA,51.80761,-128.23691,51.80774,-128.23714,2020
2020-08-02,BC,C,Triquet Bay,U,2,2020-08-02,0.4,27.51,NA,51.80782,-128.23721,51.80798,-128.23732,2020
2020-08-02,BC,C,Triquet Bay,U,3,2020-08-02,0.4,27.81,NA,51.80805,-128.23744,51.80824,-128.23747,2020
2020-08-02,BC,C,Triquet Bay,L,4,2020-08-02,0.2,28.03,NA,51.80806,-128.23622,51.80812,-128.2365,2020
2020-08-02,BC,C,Triquet Bay,L,5,2020-08-02,0.2,27.38,NA,51.80814,-128.23663,51.8082,-128.23691,2020
2020-08-02,BC,C,Triquet Bay,L,6,2020-08-02,0.2,27.6,NA,51.80824,-128.237,51.80842,-128.23683,2020
2020-08-04,BC,D,Goose,U,1,2020-08-04,0.4,28.72,NA,51.9239,-128.47015,51.92403,-128.47034,2020
2020-08-04,BC,D,Goose,U,2,2020-08-04,0.5,28.75,NA,51.92413,-128.47061,51.92432,-128.47058,2020
2020-08-04,BC,D,Goose,U,3,2020-08-04,0.4,28.72,NA,51.92437,-128.47034,51.92431,-128.47009,2020
2020-08-04,BC,D,Goose,L,4,2020-08-04,0.1,28.9,salinity taken at arrival at site,51.92354,-128.46947,51.92381,-128.46956,2020
2020-08-04,BC,D,Goose,L,5,2020-08-04,0.07,28.96,NA,51.92381,-128.46956,51.92394,-128.46962,2020
2020-08-04,BC,D,Goose,L,6,2020-08-04,0.04,28.85,NA,51.92413,-128.46945,51.92414,-128.46916,2020
2020-08-03,BC,E,Superstition,U,1,2020-08-03,0.7,20.17,"U1 had large freshwater run-off going through it this year (almost whole transect, ~20m). Salinty measured during rising tide.",51.89445,-128.23503,51.89431,-128.23486,2020
2020-08-03,BC,E,Superstition,U,2,2020-08-03,0.7,25.38,Salinity taken during rising tide,51.89413,-128.23474,51.89399,-128.23453,2020
2020-08-03,BC,E,Superstition,U,3,2020-08-03,0.7,25.15,Salinity taken during rising tide,51.8938,-128.23428,51.89366,-128.23402,2020
2020-08-03,BC,E,Superstition,L,4,2020-08-03,0.3,26.21,Salinity taken during a falling tide,51.89411,-128.23553,51.89405,-128.23524,2020
2020-08-03,BC,E,Superstition,L,5,2020-08-03,0.3,26.41,Salinity taken during a falling tide,51.89399,-128.23503,51.89389,-128.23479,2020
2020-08-03,BC,E,Superstition,L,6,2020-08-03,0.3,24.3,Salinity taken during a falling tide,51.89383,-128.23462,51.8937,-128.23441,2020
2020-07-18,WA,A,Fourth of July,U,1,2020-07-18,NA,30,NA,NA,NA,NA,NA,2020
2020-07-18,WA,A,Fourth of July,U,2,2020-07-18,NA,30,NA,NA,NA,NA,NA,2020
2020-07-18,WA,A,Fourth of July,U,3,2020-07-18,NA,30,NA,NA,NA,NA,NA,2020
2020-07-18,WA,A,Fourth of July,L,4,2020-07-18,NA,30,NA,NA,NA,NA,NA,2020
2020-07-18,WA,A,Fourth of July,L,5,2020-07-18,NA,30,NA,NA,NA,NA,NA,2020
2020-07-18,WA,A,Fourth of July,L,6,2020-07-18,NA,30,NA,NA,NA,NA,NA,2020
2020-07-20,WA,B,False Bay,U,1,2020-07-20,NA,33,NA,NA,NA,NA,NA,2020
2020-07-20,WA,B,False Bay,U,2,2020-07-20,NA,30,NA,NA,NA,NA,NA,2020
2020-07-20,WA,B,False Bay,U,3,2020-07-20,NA,30,NA,NA,NA,NA,NA,2020
2020-07-20,WA,B,False Bay,L,4,2020-07-20,NA,30,NA,NA,NA,NA,NA,2020
2020-07-20,WA,B,False Bay,L,5,2020-07-20,NA,30,NA,NA,NA,NA,NA,2020
2020-07-20,WA,B,False Bay,L,6,2020-07-20,NA,30,NA,NA,NA,NA,NA,2020
2020-07-21,WA,C,Beach Haven,U,1,2020-07-21,NA,20,NA,NA,NA,NA,NA,2020
2020-07-21,WA,C,Beach Haven,U,2,2020-07-21,NA,20,NA,NA,NA,NA,NA,2020
2020-07-21,WA,C,Beach Haven,U,3,2020-07-21,NA,20,NA,NA,NA,NA,NA,2020
2020-07-21,WA,C,Beach Haven,L,4,2020-07-21,NA,20,NA,NA,NA,NA,NA,2020
2020-07-21,WA,C,Beach Haven,L,5,2020-07-21,NA,20,NA,NA,NA,NA,NA,2020
2020-07-21,WA,C,Beach Haven,L,6,2020-07-21,NA,20,NA,NA,NA,NA,NA,2020
2020-07-19,WA,D,North Cove,U,1,2020-07-19,NA,21,NA,NA,NA,NA,NA,2020
2020-07-19,WA,D,North Cove,U,2,2020-07-19,NA,21,NA,NA,NA,NA,NA,2020
2020-07-19,WA,D,North Cove,U,3,2020-07-19,NA,21,NA,NA,NA,NA,NA,2020
2020-07-19,WA,D,North Cove,L,4,2020-07-19,NA,21,NA,NA,NA,NA,NA,2020
2020-07-19,WA,D,North Cove,L,5,2020-07-19,NA,21,NA,NA,NA,NA,NA,2020
2020-07-19,WA,D,North Cove,L,6,2020-07-19,NA,21,NA,NA,NA,NA,NA,2020
2020-07-22,WA,E,Indian Cove,U,1,2020-07-22,NA,31,NA,NA,NA,NA,NA,2020
2020-07-22,WA,E,Indian Cove,U,2,2020-07-22,NA,31,NA,NA,NA,NA,NA,2020
2020-07-22,WA,E,Indian Cove,U,3,2020-07-22,NA,31,NA,NA,NA,NA,NA,2020
2020-07-22,WA,E,Indian Cove,L,4,2020-07-22,NA,31,NA,NA,NA,NA,NA,2020
2020-07-22,WA,E,Indian Cove,L,5,2020-07-22,NA,31,NA,NA,NA,NA,NA,2020
2020-07-22,WA,E,Indian Cove,L,6,2020-07-22,NA,31,NA,NA,NA,NA,NA,2020
2020-07-03,OR,A,Bar View,U,1,2020-07-03,NA,35,NA,43.345965,-124.317859,43.345854,-124.318039,2020
2020-07-03,OR,A,Bar View,U,2,2020-07-03,NA,NA,NA,43.34577,-124.318058,43.345895,-124.318238,2020
2020-07-03,OR,A,Bar View,U,3,2020-07-03,NA,NA,"Logger on U3 may have been buried, the marker stakes were buried",43.345911,-124.318344,43.345921,-124.318573,2020
2020-07-02,OR,B,Fossil Point,U,1,2020-07-02,NA,37,NA,43.359001,-124.309629,43.358908,-124.309813,2020
2020-07-02,OR,B,Fossil Point,U,2,2020-07-02,NA,NA,NA,43.358871,-124.309866,43.358804,-124.310094,2020
2020-07-02,OR,B,Fossil Point,U,3,2020-07-02,NA,NA,NA,43.358779,-124.310158,43.358735,-124.3104,2020
2020-07-05,OR,C,Sally Bend South,U,1,2020-07-05,NA,35,NA,44.613179,-124.013933,44.612987,-124.013858,2020
2020-07-05,OR,C,Sally Bend South,U,2,2020-07-05,NA,NA,NA,44.61291,-124.013797,44.612731,-124.013813,2020
2020-07-05,OR,C,Sally Bend South,U,3,2020-07-05,NA,NA,NA,44.612661,-124.013774,44.612537,-124.013645,2020
2020-07-07,OR,D,Idaho Flats,U,1,2020-07-07,NA,35,NA,44.619124,-124.032145,44.61917,-124.032388,2020
2020-07-07,OR,D,Idaho Flats,U,2,2020-07-07,NA,35,NA,44.619186,-124.03245,44.619233,-124.032686,2020
2020-07-07,OR,D,Idaho Flats,U,3,2020-07-07,NA,35,NA,44.619241,-124.032753,44.619216,-124.033024,2020
2020-07-06,OR,E,Sally Bend North,U,1,2020-07-06,NA,30,"measured salinity after return from the field, using water in sample bags collected on each transect",44.623738,-124.0226,44.623896,-124.022698,2020
2020-07-06,OR,E,Sally Bend North,U,2,2020-07-06,NA,31,"measured salinity after return from the field, using water in sample bags collected on each transect",44.623685,-124.023171,44.623773,-124.023377,2020
2020-07-06,OR,E,Sally Bend North,U,3,2020-07-06,NA,30,"measured salinity after return from the field, using water in sample bags collected on each transect",44.623801,-124.023488,44.623822,-124.023742,2020
2020-06-22,BB,A,Westside Park,U,1,2020-06-22,NA,NA,NA,38.31871,-123.053948,38.318862,-123.053793,2020
2020-06-22,BB,A,Westside Park,U,2,2020-06-22,NA,NA,NA,38.318894,-123.053749,38.319069,-123.053713,2020
2020-06-22,BB,A,Westside Park,U,3,2020-06-22,NA,NA,NA,38.319131,-123.053713,38.319322,-123.053751,2020
2020-06-22,BB,A,Westside Park,L,4,2020-06-22,NA,NA,NA,38.31867,-123.053792,38.318819,-123.053663,2020
2020-06-22,BB,A,Westside Park,L,5,2020-06-22,NA,NA,NA,38.318892,-123.053538,38.319039,-123.05367,2020
2020-06-22,BB,A,Westside Park,L,6,2020-06-22,NA,NA,NA,38.319145,-123.053656,38.319322,-123.053683,2020
2020-07-20,BB,B,Masons Marina,U,1,2020-07-20,NA,NA,NA,38.33317101,-123.059494,38.33334502,-123.059523,2020
2020-07-20,BB,B,Masons Marina,U,2,2020-07-20,NA,NA,NA,38.33336798,-123.059449,38.33354199,-123.059535,2020
2020-07-20,BB,B,Masons Marina,U,3,2020-07-20,NA,NA,NA,38.33363897,-123.059563,38.333787,-123.059675,2020
2020-07-20,BB,B,Masons Marina,L,4,2020-07-20,NA,NA,NA,38.33316104,-123.059385,38.33334602,-123.059433,2020
2020-07-20,BB,B,Masons Marina,L,5,2020-07-20,NA,NA,NA,38.33338198,-123.059405,38.33356597,-123.059438,2020
2020-07-20,BB,B,Masons Marina,L,6,2020-07-20,NA,NA,NA,38.333601,-123.05947,38.33375699,-123.059595,2020
2020-07-07,BB,C,Nicks Cove,U,1,2020-07-07,NA,NA,NA,38.204763,-122.92748,38.204833,-122.927244,2020
2020-07-07,BB,C,Nicks Cove,U,2,2020-07-07,NA,NA,NA,38.204684,-122.927525,38.204732,-122.927335,2020
2020-07-07,BB,C,Nicks Cove,U,3,2020-07-07,NA,NA,NA,38.204641,-122.927052,38.204776,-122.927185,2020
2020-07-07,BB,C,Nicks Cove,L,4,2020-07-07,NA,NA,NA,38.204607,-122.926414,38.204758,-122.926534,2020
2020-07-07,BB,C,Nicks Cove,L,5,2020-07-07,NA,NA,NA,38.204362,-122.92633,38.204524,-122.926389,2020
2020-07-07,BB,C,Nicks Cove,L,6,2020-07-07,NA,NA,NA,38.204378,-122.926168,38.204558,-122.926145,2020
2020-07-22,BB,D,Campbell Cove,U,1,2020-07-22,NA,NA,NA,38.309765,-123.059023,38.309843,-123.059244,2020
2020-07-22,BB,D,Campbell Cove,U,2,2020-07-22,NA,NA,NA,38.309804,-123.059006,38.309975,-123.059077,2020
2020-07-22,BB,D,Campbell Cove,U,3,2020-07-22,NA,NA,NA,38.309862,-123.059252,38.310004,-123.059095,2020
2020-07-22,BB,D,Campbell Cove,L,4,2020-07-22,NA,NA,NA,38.309683,-123.059052,38.30985,-123.058928,2020
2020-07-22,BB,D,Campbell Cove,L,5,2020-07-22,NA,NA,NA,38.309891,-123.058921,38.310032,-123.058794,2020
2020-07-22,BB,D,Campbell Cove,L,6,2020-07-22,NA,NA,NA,38.310052,-123.058752,38.310143,-123.058551,2020
2020-07-05,BB,E,Millerton,U,1,2020-07-05,NA,NA,NA,38.105038,-122.846886,38.104977,-122.84663,2020
2020-07-05,BB,E,Millerton,U,2,2020-07-05,NA,NA,NA,38.10496,-122.846475,38.104893,-122.846254,2020
2020-07-05,BB,E,Millerton,U,3,2020-07-05,NA,NA,NA,38.105032,-122.846427,38.10497,-122.846193,2020
2020-07-05,BB,E,Millerton,L,4,2020-07-05,NA,NA,NA,38.10514,-122.846811,38.105057,-122.846593,2020
2020-07-05,BB,E,Millerton,L,5,2020-07-05,NA,NA,NA,38.10522,-122.846719,38.105155,-122.846518,2020
2020-07-05,BB,E,Millerton,L,6,2020-07-05,NA,NA,NA,38.105104,-122.846362,38.105045,-122.846153,2020
2020-07-03,BB,F,Blakes Landing,U,1,2020-07-03,NA,NA,NA,38.17882799,-122.908865,38.17867099,-122.908758,2020
2020-07-03,BB,F,Blakes Landing,U,2,2020-07-03,NA,NA,NA,38.178576,-122.90875,38.178438,-122.908639,2020
2020-07-03,BB,F,Blakes Landing,U,3,2020-07-03,NA,NA,NA,38.178219,-122.908456,38.178122,-122.908277,2020
2020-07-03,BB,F,Blakes Landing,L,4,2020-07-03,NA,NA,NA,38.178632,-122.90916,38.178462,-122.909113,2020
2020-07-03,BB,F,Blakes Landing,L,5,2020-07-03,NA,NA,NA,38.178425,-122.909073,38.178293,-122.908913,2020
2020-07-03,BB,F,Blakes Landing,L,6,2020-07-03,NA,NA,NA,38.178263,-122.908853,38.178159,-122.908665,2020
2020-07-20,SD,A,Chula Vista,U,1,2020-07-21,1.3,NA,"Note from Lillian - updated the processing date as the final processing date, see original SD file for the ranges",did not note with GPS for all sites,NA,NA,NA,2020
2020-07-20,SD,A,Chula Vista,U,2,2020-07-21,1.3,NA,NA,NA,NA,NA,NA,2020
2020-07-20,SD,A,Chula Vista,U,3,2020-07-21,1.3,NA,NA,NA,NA,NA,NA,2020
2020-07-20,SD,A,Chula Vista,L,4,2020-07-21,1.6,NA,NA,NA,NA,NA,NA,2020
2020-07-20,SD,A,Chula Vista,L,5,2020-07-21,1.6,NA,NA,NA,NA,NA,NA,2020
2020-07-20,SD,A,Chula Vista,L,6,2020-07-21,1.6,NA,NA,NA,NA,NA,NA,2020
2020-07-08,SD,B,Fiesta Island,U,1,2020-07-09,0.5,NA,NA,NA,NA,NA,NA,2020
2020-07-08,SD,B,Fiesta Island,U,2,2020-07-09,0.5,NA,NA,NA,NA,NA,NA,2020
2020-07-08,SD,B,Fiesta Island,U,3,2020-07-09,0.5,NA,NA,NA,NA,NA,NA,2020
2020-07-08,SD,B,Fiesta Island,L,4,2020-07-09,1.05,NA,NA,NA,NA,NA,NA,2020
2020-07-08,SD,B,Fiesta Island,L,5,2020-07-09,1.05,NA,NA,NA,NA,NA,NA,2020
2020-07-08,SD,B,Fiesta Island,L,6,2020-07-09,1.05,NA,NA,NA,NA,NA,NA,2020
NA,SD,C,San Dieguito Lagoon,U,1,NA,0.7,NA,NA,NA,NA,NA,NA,2020
NA,SD,C,San Dieguito Lagoon,U,2,NA,0.7,NA,NA,NA,NA,NA,NA,2020
NA,SD,C,San Dieguito Lagoon,U,3,NA,0.7,NA,NA,NA,NA,NA,NA,2020
NA,SD,C,San Dieguito Lagoon,L,4,NA,1.1,NA,NA,NA,NA,NA,NA,2020
NA,SD,C,San Dieguito Lagoon,L,5,NA,1.1,NA,NA,NA,NA,NA,NA,2020
NA,SD,C,San Dieguito Lagoon,L,6,NA,1.1,NA,NA,NA,NA,NA,NA,2020
2020-07-15,SD,D,Shelter Island,U,1,2020-07-15,0.6,NA,NA,NA,NA,NA,NA,2020
2020-07-15,SD,D,Shelter Island,U,2,2020-07-15,0.6,NA,NA,NA,NA,NA,NA,2020
2020-07-15,SD,D,Shelter Island,U,3,2020-07-15,0.6,NA,NA,NA,NA,NA,NA,2020
2020-07-15,SD,D,Shelter Island,L,4,2020-07-15,0.95,NA,NA,NA,NA,NA,NA,2020
2020-07-15,SD,D,Shelter Island,L,5,2020-07-15,0.95,NA,NA,NA,NA,NA,NA,2020
2020-07-15,SD,D,Shelter Island,L,6,2020-07-15,0.95,NA,NA,NA,NA,NA,NA,2020
2020-07-30,SD,E,Crown Point,U,1,2020-07-30,0.7,NA,NA,NA,NA,NA,NA,2020
2020-07-30,SD,E,Crown Point,U,2,2020-07-30,0.7,NA,NA,NA,NA,NA,NA,2020
2020-07-30,SD,E,Crown Point,U,3,2020-07-30,0.7,NA,NA,NA,NA,NA,NA,2020
2020-07-30,SD,E,Crown Point,L,4,2020-07-30,1.2,NA,NA,NA,NA,NA,NA,2020
2020-07-30,SD,E,Crown Point,L,5,2020-07-30,1.2,NA,NA,NA,NA,NA,NA,2020
2020-07-30,SD,E,Crown Point,L,6,2020-07-30,1.2,NA,NA,NA,NA,NA,NA,2020
2021-07-21,AK,A,North FishEgg,U,1,2021-07-21,NA,27.5,NA,NA,NA,NA,NA,2021
2021-07-21,AK,A,North FishEgg,U,2,2021-07-21,NA,27.7,NA,NA,NA,NA,NA,2021
2021-07-21,AK,A,North FishEgg,U,3,2021-07-21,NA,27.6,NA,NA,NA,NA,NA,2021
2021-07-21,AK,A,North FishEgg,L,4,2021-07-21,NA,NA,NA,NA,NA,NA,NA,2021
2021-07-21,AK,A,North FishEgg,L,5,2021-07-21,NA,NA,NA,NA,NA,NA,NA,2021
2021-07-21,AK,A,North FishEgg,L,6,2021-07-21,NA,NA,NA,NA,NA,NA,NA,2021
2021-07-25,AK,B,Guktu,U,1,2021-07-25,NA,28.4,NA,NA,NA,NA,NA,2021
2021-07-25,AK,B,Guktu,U,2,2021-07-25,NA,28.4,NA,NA,NA,NA,NA,2021
2021-07-25,AK,B,Guktu,U,3,2021-07-25,NA,28.4,NA,NA,NA,NA,NA,2021
2021-07-25,AK,B,Guktu,L,4,2021-07-25,NA,NA,NA,NA,NA,NA,NA,2021
2021-07-25,AK,B,Guktu,L,5,2021-07-25,NA,NA,NA,NA,NA,NA,NA,2021
2021-07-25,AK,B,Guktu,L,6,2021-07-25,NA,NA,NA,NA,NA,NA,NA,2021
2021-07-26,AK,C,Nossuk,U,1,2021-07-26,NA,28.5,NA,NA,NA,NA,NA,2021
2021-07-26,AK,C,Nossuk,U,2,2021-07-26,NA,28.5,NA,NA,NA,NA,NA,2021
2021-07-26,AK,C,Nossuk,U,3,2021-07-26,NA,27.3,NA,NA,NA,NA,NA,2021
2021-07-26,AK,C,Nossuk,L,4,2021-07-26,NA,NA,NA,NA,NA,NA,NA,2021
2021-07-26,AK,C,Nossuk,L,5,2021-07-26,NA,NA,NA,NA,NA,NA,NA,2021
2021-07-26,AK,C,Nossuk,L,6,2021-07-26,NA,NA,NA,NA,NA,NA,NA,2021
2021-07-23,AK,D,Natzuhini,U,1,2021-07-23,NA,26.3,NA,NA,NA,NA,NA,2021
2021-07-23,AK,D,Natzuhini,U,2,2021-07-23,NA,27.3,NA,NA,NA,NA,NA,2021
2021-07-23,AK,D,Natzuhini,U,3,2021-07-23,NA,27.3,NA,NA,NA,NA,NA,2021
2021-07-23,AK,D,Natzuhini,L,4,2021-07-23,NA,NA,NA,NA,NA,NA,NA,2021
2021-07-23,AK,D,Natzuhini,L,5,2021-07-23,NA,NA,NA,NA,NA,NA,NA,2021
2021-07-23,AK,D,Natzuhini,L,6,2021-07-23,NA,NA,NA,NA,NA,NA,NA,2021
2021-07-22,AK,E,Shinaku,U,1,2021-07-22,NA,NA,NA,NA,NA,NA,NA,2021
2021-07-22,AK,E,Shinaku,U,2,2021-07-22,NA,NA,NA,NA,NA,NA,NA,2021
2021-07-22,AK,E,Shinaku,U,3,2021-07-22,NA,NA,NA,NA,NA,NA,NA,2021
2021-07-22,AK,E,Shinaku,L,4,2021-07-22,NA,27.3,NA,NA,NA,NA,NA,2021
2021-07-22,AK,E,Shinaku,L,5,2021-07-22,NA,26.8,NA,NA,NA,NA,NA,2021
2021-07-22,AK,E,Shinaku,L,6,2021-07-22,NA,27,NA,NA,NA,NA,NA,2021
2021-07-24,AK,F,Refugio,U,1,2021-07-24,NA,28.2,NA,NA,NA,NA,NA,2021
2021-07-24,AK,F,Refugio,U,2,2021-07-24,NA,28.2,NA,NA,NA,NA,NA,2021
2021-07-24,AK,F,Refugio,U,3,2021-07-24,NA,28.2,NA,NA,NA,NA,NA,2021
2021-07-24,AK,F,Refugio,L,4,2021-07-24,NA,NA,NA,NA,NA,NA,NA,2021
2021-07-24,AK,F,Refugio,L,5,2021-07-24,NA,NA,NA,NA,NA,NA,NA,2021
2021-07-24,AK,F,Refugio,L,6,2021-07-24,NA,NA,NA,NA,NA,NA,NA,2021
2021-07-22,BC,A,Pruth Bay,U,1,2021-07-22,1.6,25.33,NA,51.64495,-128.11891,51.6448,-128.11911,2021
2021-07-22,BC,A,Pruth Bay,U,2,2021-07-22,1.6,25.83,NA,51.64474,-128.11926,51.64472,-128.11955,2021
2021-07-22,BC,A,Pruth Bay,U,3,2021-07-22,1.6,19.31,NA,51.64435,-128.12009,51.64452,-128.12025,2021
2021-07-22,BC,A,Pruth Bay,L,4,2021-07-22,0.6,25.85,NA,51.6454,-128.119,51.64523,-128.11911,2021
2021-07-22,BC,A,Pruth Bay,L,5,2021-07-22,0.6,25.03,NA,51.64555,-128.11946,51.64568,-128.11966,2021
2021-07-22,BC,A,Pruth Bay,L,6,2021-07-22,0.6,23.87,may have done transect wrong direction (laid it heading into bay from 0m mark instead of out of bay),51.64532,-128.12004,51.64548,-128.11996,2021
2021-07-25,BC,B,Underhill,U,1,2021-07-25,0.3,24.48,NA,51.77021,-128.05965,51.77037,-128.05984,2021
2021-07-25,BC,B,Underhill,U,2,2021-07-25,0.2,24.6,NA,51.77053,-128.06001,51.77073,-128.06015,2021
2021-07-25,BC,B,Underhill,U,3,2021-07-25,0.1,24.7,NA,51.77124,-128.06027,51.771422,-128.060284,2021
2021-07-25,BC,B,Underhill,L,4,2021-07-25,0,24.68,NA,51.77027,-128.05959,51.77041,-128.05977,2021
2021-07-25,BC,B,Underhill,L,5,2021-07-25,-0.2,24.82,NA,51.77054247,-128.05988141,51.77075504,-128.06002987,2021
2021-07-25,BC,B,Underhill,L,6,2021-07-25,-0.4,25.45,NA,51.771249,-128.06019,51.771428,-128.060213,2021
2021-07-23,BC,C,Triquet Bay,U,1,2021-07-23,0.4,25.94,NA,51.80761,-128.23691,51.80774,-128.23714,2021
2021-07-23,BC,C,Triquet Bay,U,2,2021-07-23,0.4,25.62,NA,51.80782,-128.23721,51.80798,-128.23732,2021
2021-07-23,BC,C,Triquet Bay,U,3,2021-07-23,0.4,26.2,NA,51.80805,-128.23744,51.80824,-128.23747,2021
2021-07-23,BC,C,Triquet Bay,L,4,2021-07-23,0.2,26.38,NA,51.80806,-128.23622,51.80812,-128.2365,2021
2021-07-23,BC,C,Triquet Bay,L,5,2021-07-23,0.2,26.23,NA,51.80814,-128.23663,51.8082,-128.23691,2021
2021-07-23,BC,C,Triquet Bay,L,6,2021-07-23,0.2,26.28,NA,51.80824,-128.237,51.80842,-128.23683,2021
2021-07-26,BC,D,Goose,U,1,2021-07-26,0.4,28.14,NA,51.9239,-128.47015,51.92403,-128.47034,2021
2021-07-26,BC,D,Goose,U,2,2021-07-26,0.5,28.55,NA,51.92413,-128.47061,51.92432,-128.47058,2021
2021-07-26,BC,D,Goose,U,3,2021-07-26,0.4,28.55,NA,51.92437,-128.47034,51.92431,-128.47009,2021
2021-07-26,BC,D,Goose,L,4,2021-07-26,0.1,28.55,NA,51.92354,-128.46947,51.92381,-128.46956,2021
2021-07-26,BC,D,Goose,L,5,2021-07-26,0.07,28.55,NA,51.92381,-128.46956,51.92394,-128.46962,2021
2021-07-26,BC,D,Goose,L,6,2021-07-26,0.04,28.56,NA,51.92413,-128.46945,51.92414,-128.46916,2021
2021-07-24,BC,E,Superstition,U,1,2021-07-24,0.7,25.95,NA,51.89445,-128.23503,51.89431,-128.23486,2021
2021-07-24,BC,E,Superstition,U,2,2021-07-24,0.7,25.91,NA,51.89413,-128.23474,51.89399,-128.23453,2021
2021-07-24,BC,E,Superstition,U,3,2021-07-24,0.7,26.23,NA,51.8938,-128.23428,51.89366,-128.23402,2021
2021-07-24,BC,E,Superstition,L,4,2021-07-24,0.3,26.48,took salinity on both falling and rising tide for comparison (quite similar so took average),51.89411,-128.23553,51.89405,-128.23524,2021
2021-07-24,BC,E,Superstition,L,5,2021-07-24,0.3,26.285,took salinity on both falling and rising tide for comparison (quite similar so took average); forgot to collect 15 disease blades on 07-24 so went back on 07-26,51.89399,-128.23503,51.89389,-128.23479,2021
2021-07-24,BC,E,Superstition,L,6,2021-07-24,0.3,26.2,NA,51.89383,-128.23462,51.8937,-128.23441,2021
2021-07-20,WA,A,Fourth of July,U,1,2021-07-20,exposed,35,NA,48.468323,-123.002664,NA,NA,2021
2021-07-20,WA,A,Fourth of July,U,2,2021-07-20,exposed,NA,NA,48.46846,-123.002898,NA,NA,2021
2021-07-20,WA,A,Fourth of July,U,3,2021-07-20,exposed,NA,NA,48.468634,-123.003168,NA,NA,2021
2021-07-20,WA,A,Fourth of July,L,4,2021-07-20,0.1,NA,NA,48.468591,-123.002299,NA,NA,2021
2021-07-20,WA,A,Fourth of July,L,5,2021-07-20,0.1,NA,NA,48.468676,-123.002602,NA,NA,2021
2021-07-20,WA,A,Fourth of July,L,6,2021-07-20,0.1,NA,NA,48.468817,-123.002876,NA,NA,2021
2021-07-23,WA,B,False Bay,U,1,2021-07-23,exposed,36,NA,48.482656,-123.074413,NA,NA,2021
2021-07-23,WA,B,False Bay,U,2,2021-07-23,exposed,NA,NA,48.482796,-123.074281,NA,NA,2021
2021-07-23,WA,B,False Bay,U,3,2021-07-23,exposed,NA,NA,48.483866,-123.073905,NA,NA,2021
2021-07-23,WA,B,False Bay,L,4,2021-07-23,exposed,36,NA,48.482598,-123.074358,NA,NA,2021
2021-07-23,WA,B,False Bay,L,5,2021-07-23,exposed,NA,NA,48.482775,-123.074129,NA,NA,2021
2021-07-23,WA,B,False Bay,L,6,2021-07-23,exposed,NA,NA,48.482822,-123.073933,NA,NA,2021
2021-07-21,WA,C,Beach Haven,U,1,2021-07-21,0.06,34,NA,48.691983,-122.952152,48.691878,-122.95237,2021
2021-07-21,WA,C,Beach Haven,U,2,2021-07-21,0.06,34,NA,48.691851,-122.952432,48.691772,-122.952669,2021
2021-07-21,WA,C,Beach Haven,U,3,2021-07-21,0.06,34,NA,48.691751,-122.952724,NA,NA,2021
2021-07-21,WA,C,Beach Haven,L,4,2021-07-21,0.3,33,NA,48.692011,-122.952169,NA,NA,2021
2021-07-21,WA,C,Beach Haven,L,5,2021-07-21,0.3,34,NA,48.69188,-122.952466,NA,NA,2021
2021-07-21,WA,C,Beach Haven,L,6,2021-07-21,0.3,34,NA,48.691775,-122.952737,NA,NA,2021
2021-07-22,WA,D,North Cove,U,1,2021-07-22,exposed,NA,NA,48.704809,-123.053744,48.704719,-123.053966,2021
2021-07-22,WA,D,North Cove,U,2,2021-07-22,exposed,NA,NA,48.704672,-123.054033,48.704603,-123.054281,2021
2021-07-22,WA,D,North Cove,U,3,2021-07-22,exposed,NA,NA,48.704552,-123.054347,48.704437,-123.054584,2021
2021-07-22,WA,D,North Cove,L,4,2021-07-22,exposed,30,NA,48.704823,-123.05377,48.704737,-123.054007,2021
2021-07-22,WA,D,North Cove,L,5,2021-07-22,exposed,26,stream salinity was 21 ppt,48.70471,-123.054053,48.704601,-123.05429,2021
2021-07-22,WA,D,North Cove,L,6,2021-07-22,exposed,31,NA,48.704541,-123.054377,48.704459,-123.054622,2021
2021-07-24,WA,E,Indian Cove,U,1,2021-07-24,exposed,33,NA,48.563353,-122.93589,48.563464,-122.935449,2021
2021-07-24,WA,E,Indian Cove,U,2,2021-07-24,exposed,31,NA,48.563431,-122.935569,48.563472,-122.935286,2021
2021-07-24,WA,E,Indian Cove,U,3,2021-07-24,exposed,32,NA,48.563467,-122.93524,48.563531,-122.934977,2021
2021-07-24,WA,E,Indian Cove,L,4,2021-07-24,exposed,35,NA,48.563311,-122.935871,48.563385,-122.935625,2021
2021-07-24,WA,E,Indian Cove,L,5,2021-07-24,exposed,31,NA,48.563396,-122.935541,48.563445,-122.935292,2021
2021-07-24,WA,E,Indian Cove,L,6,2021-07-24,exposed,34,NA,48.563442,-122.93523,48.5635,-122.934959,2021
2021-06-23,OR,A,Bar View,U,1,2021-06-23,NA,36,New point for U1-0m,43.345983,124.317883,NA,NA,2021
2021-06-23,OR,A,Bar View,U,2,2021-06-23,NA,NA,New point for U2-0m,43.345783,124.318083,NA,NA,2021
2021-06-23,OR,A,Bar View,U,3,2021-06-23,NA,NA,NA,NA,NA,NA,NA,2021
2021-06-23,OR,A,Bar View,L,4,2021-06-23,NA,NA,NA,NA,NA,NA,NA,2021
2021-06-23,OR,A,Bar View,L,5,2021-06-23,NA,NA,NA,NA,NA,NA,NA,2021
2021-06-23,OR,A,Bar View,L,6,2021-06-23,NA,NA,"Had to reset L6 - couldn't find the transect markers, used previously taken GPS points",43.3461,124.3185,NA,NA,2021
2021-06-22,OR,B,Fossil Point,U,1,2021-06-22,NA,35,NA,NA,NA,NA,NA,2021
2021-06-22,OR,B,Fossil Point,U,2,2021-06-22,NA,37,NA,NA,NA,NA,NA,2021
2021-06-22,OR,B,Fossil Point,U,3,2021-06-22,NA,35,NA,NA,NA,NA,NA,2021
2021-06-22,OR,B,Fossil Point,L,4,2021-06-22,NA,NA,New point for L4-0m,43.35992,124.3098,NA,NA,2021
2021-06-22,OR,B,Fossil Point,L,5,2021-06-22,NA,NA,NA,NA,NA,NA,NA,2021
2021-06-22,OR,B,Fossil Point,L,6,2021-06-22,NA,NA,Location estimated from previous GPS point - couldn't find the pole,NA,NA,NA,NA,2021
2021-06-25,OR,C,Sally's Bend South,U,1,2021-06-25,NA,39,NA,NA,NA,NA,NA,2021
2021-06-25,OR,C,Sally's Bend South,U,2,2021-06-25,NA,NA,NA,NA,NA,NA,NA,2021
2021-06-25,OR,C,Sally's Bend South,U,3,2021-06-25,NA,NA,NA,NA,NA,NA,NA,2021
2021-06-25,OR,C,Sally's Bend South,L,4,2021-06-25,NA,39,NA,NA,NA,NA,NA,2021
2021-06-25,OR,C,Sally's Bend South,L,5,2021-06-25,NA,39,NA,NA,NA,NA,NA,2021
2021-06-25,OR,C,Sally's Bend South,L,6,2021-06-25,NA,39,NA,NA,NA,NA,NA,2021
2021-06-26,OR,D,Idaho Flats,U,1,2021-06-26,NA,36,NA,NA,NA,NA,NA,2021
2021-06-26,OR,D,Idaho Flats,U,2,2021-06-26,NA,NA,NA,NA,NA,NA,NA,2021
2021-06-26,OR,D,Idaho Flats,U,3,2021-06-26,NA,NA,NA,NA,NA,NA,NA,2021
2021-06-26,OR,D,Idaho Flats,L,4,2021-06-26,NA,NA,NA,NA,NA,NA,NA,2021
2021-06-26,OR,D,Idaho Flats,L,5,2021-06-26,NA,NA,NA,NA,NA,NA,NA,2021
2021-06-26,OR,D,Idaho Flats,L,6,2021-06-26,NA,NA,NA,NA,NA,NA,NA,2021
2021-06-24,OR,E,Sally's Bend North,U,1,2021-06-24,NA,32,NA,NA,NA,NA,NA,2021
2021-06-24,OR,E,Sally's Bend North,U,2,2021-06-24,NA,NA,NA,NA,NA,NA,NA,2021
2021-06-24,OR,E,Sally's Bend North,U,3,2021-06-24,NA,NA,NA,NA,NA,NA,NA,2021
2021-06-24,OR,E,Sally's Bend North,L,4,2021-06-24,NA,NA,NA,NA,NA,NA,NA,2021
2021-06-24,OR,E,Sally's Bend North,L,5,2021-06-24,NA,NA,NA,NA,NA,NA,NA,2021
2021-06-24,OR,E,Sally's Bend North,L,6,2021-06-24,NA,NA,NA,NA,NA,NA,NA,2021
2021-06-28,BB,A,Westside Park,U,1,2021-06-28,0,39,Refractometer likely incorrect.,38.31871,-123.053948,38.318862,-123.053793,2021
2021-06-28,BB,A,Westside Park,U,2,2021-06-28,0,39,NA,38.318894,-123.053749,38.319069,-123.053713,2021
2021-06-28,BB,A,Westside Park,U,3,2021-06-28,0,39,NA,38.319131,-123.053713,38.319322,-123.053751,2021
2021-06-28,BB,A,Westside Park,L,4,2021-06-28,0.25,39,NA,38.31867,-123.053792,38.318819,-123.053663,2021
2021-06-28,BB,A,Westside Park,L,5,2021-06-28,0.25,39,NA,38.318892,-123.053538,38.319039,-123.05367,2021
2021-06-28,BB,A,Westside Park,L,6,2021-06-28,0.25,39,NA,38.319145,-123.053656,38.319322,-123.053683,2021
2021-07-24,BB,B,Masons Marina,U,1,2021-07-24,0,35,NA,38.33317101,-123.059494,38.33334502,-123.059523,2021
2021-07-24,BB,B,Masons Marina,U,2,2021-07-24,0,35,NA,38.33336798,-123.059449,38.33354199,-123.059535,2021
2021-07-24,BB,B,Masons Marina,U,3,2021-07-24,0,35,NA,38.33363897,-123.059563,38.333787,-123.059675,2021
2021-07-24,BB,B,Masons Marina,L,4,2021-07-24,0.03,35,NA,38.33316104,-123.059385,38.33334602,-123.059433,2021
2021-07-24,BB,B,Masons Marina,L,5,2021-07-24,0.03,35,NA,38.33338198,-123.059405,38.33356597,-123.059438,2021
2021-07-24,BB,B,Masons Marina,L,6,2021-07-24,0.03,35,NA,38.333601,-123.05947,38.33375699,-123.059595,2021
2021-07-23,BB,C,Nicks Cove,U,1,2021-07-23,0,35,Temperature loggers at U120 and at L500.,38.204763,-122.92748,38.204833,-122.927244,2021
2021-07-23,BB,C,Nicks Cove,U,2,2021-07-23,0,35,NA,38.204684,-122.927525,38.204732,-122.927335,2021
2021-07-23,BB,C,Nicks Cove,U,3,2021-07-23,0,35,NA,38.204641,-122.927052,38.204776,-122.927185,2021
2021-07-23,BB,C,Nicks Cove,L,4,2021-07-23,0.05-0.10,35,NA,38.204607,-122.926414,38.204758,-122.926534,2021
2021-07-23,BB,C,Nicks Cove,L,5,2021-07-23,0.05-0.10,35,NA,38.204362,-122.92633,38.204524,-122.926389,2021
2021-07-23,BB,C,Nicks Cove,L,6,2021-07-23,0.05-0.10,35,NA,38.204378,-122.926168,38.204558,-122.926145,2021
2021-07-26,BB,D,Campbell Cove,U,1,2021-07-26,0,35,"Low shoot density due to heavy recreational clamming activity, probably not lost to disease.",38.309765,-123.059023,38.309843,-123.059244,2021
2021-07-26,BB,D,Campbell Cove,U,2,2021-07-26,0,35,NA,38.309804,-123.059006,38.309975,-123.059077,2021
2021-07-26,BB,D,Campbell Cove,U,3,2021-07-26,0,35,NA,38.309862,-123.059252,38.310004,-123.059095,2021
2021-07-26,BB,D,Campbell Cove,L,4,2021-07-26,0.02,35,NA,38.309683,-123.059052,38.30985,-123.058928,2021
2021-07-26,BB,D,Campbell Cove,L,5,2021-07-26,0.02,35,NA,38.309891,-123.058921,38.310032,-123.058794,2021
2021-07-26,BB,D,Campbell Cove,L,6,2021-07-26,0.02,35,NA,38.310052,-123.058752,38.310143,-123.058551,2021
2021-06-23,BB,E,Millerton,U,1,2021-06-23,0.15,37,Temperature loggers collected 2021-06-21 and deployed on 2021-06-24 when seining. Refractometer likely incorrect.,38.105038,-122.846886,38.104977,-122.84663,2021
2021-06-23,BB,E,Millerton,U,2,2021-06-23,0.15,37,NA,38.10496,-122.846475,38.104893,-122.846254,2021
2021-06-23,BB,E,Millerton,U,3,2021-06-23,0.15,37,NA,38.105032,-122.846427,38.10497,-122.846193,2021
2021-06-23,BB,E,Millerton,L,4,2021-06-23,0.15,37,NA,38.10514,-122.846811,38.105057,-122.846593,2021
2021-06-23,BB,E,Millerton,L,5,2021-06-23,0.15,37,NA,38.10522,-122.846719,38.105155,-122.846518,2021
2021-06-23,BB,E,Millerton,L,6,2021-06-23,0.15,37,NA,38.105104,-122.846362,38.105045,-122.846153,2021
2021-06-25,BB,F,Blakes Landing,U,1,2021-06-25,0,40,Refractometer likely incorrect.,38.17882799,-122.908865,38.17867099,-122.908758,2021
2021-06-25,BB,F,Blakes Landing,U,2,2021-06-25,0,40,NA,38.178576,-122.90875,38.178438,-122.908639,2021
2021-06-25,BB,F,Blakes Landing,U,3,2021-06-25,0,40,NA,38.178219,-122.908456,38.178122,-122.908277,2021
2021-06-25,BB,F,Blakes Landing,L,4,2021-06-25,0,40,NA,38.178632,-122.90916,38.178462,-122.909113,2021
2021-06-25,BB,F,Blakes Landing,L,5,2021-06-25,0,40,NA,38.178425,-122.909073,38.178293,-122.908913,2021
2021-06-25,BB,F,Blakes Landing,L,6,2021-06-25,0,40,NA,38.178263,-122.908853,38.178159,-122.908665,2021
2021-07-13,SD,A,Chula_Vista,U,1,2021-07-13,1,NA,NA,NA,NA,NA,NA,2021
2021-07-13,SD,A,Chula_Vista,U,2,2021-07-13,1,NA,NA,NA,NA,NA,NA,2021
2021-07-13,SD,A,Chula_Vista,U,3,2021-07-13,1,NA,NA,NA,NA,NA,NA,2021
2021-07-13,SD,A,Chula_Vista,L,4,2021-07-13,1.5,NA,NA,NA,NA,NA,NA,2021
2021-07-13,SD,A,Chula_Vista,L,5,2021-07-13,1.5,NA,NA,NA,NA,NA,NA,2021
2021-07-13,SD,A,Chula_Vista,L,6,2021-07-13,1.5,NA,NA,NA,NA,NA,NA,2021
2021-07-09,SD,B,Fiesta_Island,U,1,2021-07-09,1,NA,NA,NA,NA,NA,NA,2021
2021-07-09,SD,B,Fiesta_Island,U,2,2021-07-09,1,NA,NA,NA,NA,NA,NA,2021
2021-07-09,SD,B,Fiesta_Island,U,3,2021-07-09,1,NA,NA,NA,NA,NA,NA,2021
2021-07-09,SD,B,Fiesta_Island,L,4,2021-07-09,2,NA,NA,NA,NA,NA,NA,2021
2021-07-09,SD,B,Fiesta_Island,L,5,2021-07-09,2,NA,NA,NA,NA,NA,NA,2021
2021-07-09,SD,B,Fiesta_Island,L,6,2021-07-09,2,NA,NA,NA,NA,NA,NA,2021
2021-07-28,SD,C,San_Dieguito_Lagoon,U,1,2021-07-28,0.2,NA,NA,NA,NA,NA,NA,2021
2021-07-28,SD,C,San_Dieguito_Lagoon,U,2,2021-07-28,0.2,NA,NA,NA,NA,NA,NA,2021
2021-07-28,SD,C,San_Dieguito_Lagoon,U,3,2021-07-28,0.2,NA,NA,NA,NA,NA,NA,2021
2021-07-28,SD,C,San_Dieguito_Lagoon,L,4,2021-07-28,0.5,NA,NA,NA,NA,NA,NA,2021
2021-07-28,SD,C,San_Dieguito_Lagoon,L,5,2021-07-28,0.5,NA,NA,NA,NA,NA,NA,2021
2021-07-28,SD,C,San_Dieguito_Lagoon,L,6,2021-07-28,0.5,NA,NA,NA,NA,NA,NA,2021
2021-07-14,SD,D,Shelter_Island,U,1,2021-07-14,0.5,NA,NA,NA,NA,NA,NA,2021
2021-07-14,SD,D,Shelter_Island,U,2,2021-07-14,0.5,NA,NA,NA,NA,NA,NA,2021
2021-07-14,SD,D,Shelter_Island,U,3,2021-07-14,0.5,NA,NA,NA,NA,NA,NA,2021
2021-07-14,SD,D,Shelter_Island,L,4,2021-07-14,1,NA,NA,NA,NA,NA,NA,2021
2021-07-14,SD,D,Shelter_Island,L,5,2021-07-14,1,NA,NA,NA,NA,NA,NA,2021
2021-07-14,SD,D,Shelter_Island,L,6,2021-07-14,1,NA,NA,NA,NA,NA,NA,2021
2021-07-27,SD,E,Crown_Point,U,1,2021-07-27,1,NA,NA,NA,NA,NA,NA,2021
2021-07-27,SD,E,Crown_Point,U,2,2021-07-27,1,NA,NA,NA,NA,NA,NA,2021
2021-07-27,SD,E,Crown_Point,U,3,2021-07-27,1,NA,NA,NA,NA,NA,NA,2021
2021-07-27,SD,E,Crown_Point,L,4,2021-07-27,1.5,NA,NA,NA,NA,NA,NA,2021
2021-07-27,SD,E,Crown_Point,L,5,2021-07-27,1.5,NA,NA,NA,NA,NA,NA,2021
2021-07-27,SD,E,Crown_Point,L,6,2021-07-27,1.5,NA,NA,NA,NA,NA,NA,2021
