Region,Meadow,Site,Record,Month,MonthlyMeanTemp
AK,AK_A,A,MUR,2019-01-01,7.006709677419355
AK,AK_A,A,MUR,2019-02-01,6.110107142857143
AK,AK_A,A,MUR,2019-03-01,6.290064516129032
AK,AK_A,A,MUR,2019-04-01,6.9841999999999995
AK,AK_A,A,MUR,2019-05-01,9.238032258064516
AK,AK_A,A,MUR,2019-06-01,11.8879
AK,AK_A,A,MUR,2019-07-01,13.572064516129032
AK,AK_A,A,MUR,2019-08-01,14.024967741935484
AK,AK_A,A,MUR,2019-09-01,13.164733333333333
AK,AK_A,A,MUR,2019-10-01,10.542709677419355
AK,AK_A,A,MUR,2019-11-01,9.245066666666666
AK,AK_A,A,MUR,2019-12-01,7.7099032258064515
AK,AK_A,A,MUR,2020-01-01,6.166064516129032
AK,AK_A,A,MUR,2020-02-01,5.652172413793103
AK,AK_A,A,MUR,2020-03-01,5.57183870967742
AK,AK_A,A,MUR,2020-04-01,6.700166666666666
AK,AK_A,A,MUR,2020-05-01,9.633548387096774
AK,AK_A,A,MUR,2020-06-01,11.0911
AK,AK_A,A,MUR,2020-07-01,13.071870967741935
AK,AK_A,A,MUR,2020-08-01,13.814258064516128
AK,AK_A,A,MUR,2020-09-01,13.225366666666666
AK,AK_A,A,MUR,2020-10-01,10.888322580645161
AK,AK_A,A,MUR,2020-11-01,8.255533333333334
AK,AK_A,A,MUR,2020-12-01,7.3183870967741935
AK,AK_A,A,MUR,2021-01-01,6.30941935483871
AK,AK_A,A,MUR,2021-02-01,5.222192307692308
AK,AK_A,A,MUR,2021-03-01,5.151
AK,AK_A,A,MUR,2021-04-01,6.690033333333333
AK,AK_A,A,MUR,2021-05-01,8.643064516129032
AK,AK_A,A,MUR,2021-06-01,11.190166666666666
AK,AK_A,A,MUR,2021-07-01,13.60841935483871
AK,AK_A,A,MUR,2021-08-01,14.097516129032257
AK,AK_A,A,MUR,2021-09-01,12.035366666666667
AK,AK_A,A,MUR,2021-10-01,9.580516129032258
AK,AK_A,A,MUR,2021-11-01,8.2015
AK,AK_A,A,MUR,2021-12-01,6.453161290322581
AK,AK_B,B,MUR,2019-01-01,7.0760645161290325
AK,AK_B,B,MUR,2019-02-01,6.147964285714286
AK,AK_B,B,MUR,2019-03-01,6.087096774193548
AK,AK_B,B,MUR,2019-04-01,6.849666666666667
AK,AK_B,B,MUR,2019-05-01,8.860903225806451
AK,AK_B,B,MUR,2019-06-01,11.4032
AK,AK_B,B,MUR,2019-07-01,13.40409677419355
AK,AK_B,B,MUR,2019-08-01,13.694064516129032
AK,AK_B,B,MUR,2019-09-01,12.7241
AK,AK_B,B,MUR,2019-10-01,10.417741935483871
AK,AK_B,B,MUR,2019-11-01,9.1739
AK,AK_B,B,MUR,2019-12-01,7.731096774193548
AK,AK_B,B,MUR,2020-01-01,6.234516129032258
AK,AK_B,B,MUR,2020-02-01,5.709689655172414
AK,AK_B,B,MUR,2020-03-01,5.571612903225806
AK,AK_B,B,MUR,2020-04-01,6.5616
AK,AK_B,B,MUR,2020-05-01,9.491806451612904
AK,AK_B,B,MUR,2020-06-01,10.893933333333333
AK,AK_B,B,MUR,2020-07-01,12.902387096774193
AK,AK_B,B,MUR,2020-08-01,13.835645161290323
AK,AK_B,B,MUR,2020-09-01,12.936
AK,AK_B,B,MUR,2020-10-01,10.698709677419355
AK,AK_B,B,MUR,2020-11-01,8.211566666666666
AK,AK_B,B,MUR,2020-12-01,7.264193548387097
AK,AK_B,B,MUR,2021-01-01,6.345677419354839
AK,AK_B,B,MUR,2021-02-01,5.386692307692307
AK,AK_B,B,MUR,2021-03-01,5.167483870967742
AK,AK_B,B,MUR,2021-04-01,6.359233333333333
AK,AK_B,B,MUR,2021-05-01,8.403451612903226
AK,AK_B,B,MUR,2021-06-01,11.105
AK,AK_B,B,MUR,2021-07-01,13.488935483870968
AK,AK_B,B,MUR,2021-08-01,13.818548387096774
AK,AK_B,B,MUR,2021-09-01,11.850833333333334
AK,AK_B,B,MUR,2021-10-01,9.568387096774194
AK,AK_B,B,MUR,2021-11-01,8.192133333333333
AK,AK_B,B,MUR,2021-12-01,6.460096774193548
AK,AK_C,C,MUR,2019-01-01,7.115161290322581
AK,AK_C,C,MUR,2019-02-01,6.217607142857143
AK,AK_C,C,MUR,2019-03-01,6.140064516129033
AK,AK_C,C,MUR,2019-04-01,6.8843
AK,AK_C,C,MUR,2019-05-01,8.88367741935484
AK,AK_C,C,MUR,2019-06-01,11.417366666666666
AK,AK_C,C,MUR,2019-07-01,13.367483870967742
AK,AK_C,C,MUR,2019-08-01,13.706870967741935
AK,AK_C,C,MUR,2019-09-01,12.762266666666667
AK,AK_C,C,MUR,2019-10-01,10.44932258064516
AK,AK_C,C,MUR,2019-11-01,9.197033333333334
AK,AK_C,C,MUR,2019-12-01,7.753967741935484
AK,AK_C,C,MUR,2020-01-01,6.273258064516129
AK,AK_C,C,MUR,2020-02-01,5.71648275862069
AK,AK_C,C,MUR,2020-03-01,5.591645161290323
AK,AK_C,C,MUR,2020-04-01,6.571633333333334
AK,AK_C,C,MUR,2020-05-01,9.498870967741935
AK,AK_C,C,MUR,2020-06-01,10.872433333333333
AK,AK_C,C,MUR,2020-07-01,12.898064516129033
AK,AK_C,C,MUR,2020-08-01,13.821096774193549
AK,AK_C,C,MUR,2020-09-01,12.9733
AK,AK_C,C,MUR,2020-10-01,10.74258064516129
AK,AK_C,C,MUR,2020-11-01,8.2808
AK,AK_C,C,MUR,2020-12-01,7.29441935483871
AK,AK_C,C,MUR,2021-01-01,6.375516129032258
AK,AK_C,C,MUR,2021-02-01,5.414807692307693
AK,AK_C,C,MUR,2021-03-01,5.161225806451613
AK,AK_C,C,MUR,2021-04-01,6.396366666666666
AK,AK_C,C,MUR,2021-05-01,8.407032258064516
AK,AK_C,C,MUR,2021-06-01,11.075566666666667
AK,AK_C,C,MUR,2021-07-01,13.453129032258065
AK,AK_C,C,MUR,2021-08-01,13.838451612903226
AK,AK_C,C,MUR,2021-09-01,11.887966666666667
AK,AK_C,C,MUR,2021-10-01,9.59890322580645
AK,AK_C,C,MUR,2021-11-01,8.216666666666667
AK,AK_C,C,MUR,2021-12-01,6.500903225806452
AK,AK_D,D,MUR,2019-01-01,6.900161290322581
AK,AK_D,D,MUR,2019-02-01,5.867964285714286
AK,AK_D,D,MUR,2019-03-01,6.124032258064516
AK,AK_D,D,MUR,2019-04-01,7.050633333333334
AK,AK_D,D,MUR,2019-05-01,9.272483870967742
AK,AK_D,D,MUR,2019-06-01,12.039833333333334
AK,AK_D,D,MUR,2019-07-01,13.717612903225806
AK,AK_D,D,MUR,2019-08-01,14.148
AK,AK_D,D,MUR,2019-09-01,13.3639
AK,AK_D,D,MUR,2019-10-01,10.568999999999999
AK,AK_D,D,MUR,2019-11-01,9.262566666666666
AK,AK_D,D,MUR,2019-12-01,7.6611935483870965
AK,AK_D,D,MUR,2020-01-01,6.0643548387096775
AK,AK_D,D,MUR,2020-02-01,5.656448275862069
AK,AK_D,D,MUR,2020-03-01,5.625387096774194
AK,AK_D,D,MUR,2020-04-01,6.7941666666666665
AK,AK_D,D,MUR,2020-05-01,9.477483870967742
AK,AK_D,D,MUR,2020-06-01,11.120333333333333
AK,AK_D,D,MUR,2020-07-01,12.991903225806452
AK,AK_D,D,MUR,2020-08-01,13.684
AK,AK_D,D,MUR,2020-09-01,13.253633333333333
AK,AK_D,D,MUR,2020-10-01,10.808677419354838
AK,AK_D,D,MUR,2020-11-01,8.194466666666667
AK,AK_D,D,MUR,2020-12-01,7.328129032258064
AK,AK_D,D,MUR,2021-01-01,6.365870967741936
AK,AK_D,D,MUR,2021-02-01,5.062
AK,AK_D,D,MUR,2021-03-01,5.228612903225806
AK,AK_D,D,MUR,2021-04-01,6.834266666666666
AK,AK_D,D,MUR,2021-05-01,8.763612903225807
AK,AK_D,D,MUR,2021-06-01,11.184133333333333
AK,AK_D,D,MUR,2021-07-01,13.73225806451613
AK,AK_D,D,MUR,2021-08-01,14.039741935483871
AK,AK_D,D,MUR,2021-09-01,11.936633333333333
AK,AK_D,D,MUR,2021-10-01,9.617258064516129
AK,AK_D,D,MUR,2021-11-01,8.233166666666667
AK,AK_D,D,MUR,2021-12-01,6.368806451612903
AK,AK_E,E,MUR,2019-01-01,6.980548387096774
AK,AK_E,E,MUR,2019-02-01,5.973714285714285
AK,AK_E,E,MUR,2019-03-01,6.120645161290323
AK,AK_E,E,MUR,2019-04-01,6.920766666666666
AK,AK_E,E,MUR,2019-05-01,9.1368064516129035
AK,AK_E,E,MUR,2019-06-01,11.770533333333333
AK,AK_E,E,MUR,2019-07-01,13.611548387096773
AK,AK_E,E,MUR,2019-08-01,13.995387096774193
AK,AK_E,E,MUR,2019-09-01,13.024066666666666
AK,AK_E,E,MUR,2019-10-01,10.464129032258064
AK,AK_E,E,MUR,2019-11-01,9.201600000000001
AK,AK_E,E,MUR,2019-12-01,7.688258064516129
AK,AK_E,E,MUR,2020-01-01,6.122322580645161
AK,AK_E,E,MUR,2020-02-01,5.671206896551724
AK,AK_E,E,MUR,2020-03-01,5.508774193548387
AK,AK_E,E,MUR,2020-04-01,6.6101
AK,AK_E,E,MUR,2020-05-01,9.642290322580646
AK,AK_E,E,MUR,2020-06-01,11.083766666666666
AK,AK_E,E,MUR,2020-07-01,13.04816129032258
AK,AK_E,E,MUR,2020-08-01,13.856387096774194
AK,AK_E,E,MUR,2020-09-01,13.1223
AK,AK_E,E,MUR,2020-10-01,10.759451612903225
AK,AK_E,E,MUR,2020-11-01,8.1696
AK,AK_E,E,MUR,2020-12-01,7.266193548387097
AK,AK_E,E,MUR,2021-01-01,6.28341935483871
AK,AK_E,E,MUR,2021-02-01,5.220038461538461
AK,AK_E,E,MUR,2021-03-01,5.147806451612904
AK,AK_E,E,MUR,2021-04-01,6.5527999999999995
AK,AK_E,E,MUR,2021-05-01,8.596580645161291
AK,AK_E,E,MUR,2021-06-01,11.225333333333333
AK,AK_E,E,MUR,2021-07-01,13.645548387096774
AK,AK_E,E,MUR,2021-08-01,14.081032258064516
AK,AK_E,E,MUR,2021-09-01,11.995166666666666
AK,AK_E,E,MUR,2021-10-01,9.531032258064517
AK,AK_E,E,MUR,2021-11-01,8.155966666666666
AK,AK_E,E,MUR,2021-12-01,6.372290322580645
AK,AK_F,F,MUR,2019-01-01,7.151741935483871
AK,AK_F,F,MUR,2019-02-01,6.451821428571429
AK,AK_F,F,MUR,2019-03-01,6.431129032258064
AK,AK_F,F,MUR,2019-04-01,7.0476
AK,AK_F,F,MUR,2019-05-01,9.100709677419355
AK,AK_F,F,MUR,2019-06-01,11.4716
AK,AK_F,F,MUR,2019-07-01,13.321838709677419
AK,AK_F,F,MUR,2019-08-01,13.735612903225807
AK,AK_F,F,MUR,2019-09-01,13.030266666666666
AK,AK_F,F,MUR,2019-10-01,10.569290322580645
AK,AK_F,F,MUR,2019-11-01,9.420533333333333
AK,AK_F,F,MUR,2019-12-01,7.832193548387097
AK,AK_F,F,MUR,2020-01-01,6.433
AK,AK_F,F,MUR,2020-02-01,5.84451724137931
AK,AK_F,F,MUR,2020-03-01,5.746741935483871
AK,AK_F,F,MUR,2020-04-01,6.713966666666667
AK,AK_F,F,MUR,2020-05-01,9.201903225806452
AK,AK_F,F,MUR,2020-06-01,10.648299999999999
AK,AK_F,F,MUR,2020-07-01,12.822322580645162
AK,AK_F,F,MUR,2020-08-01,13.595
AK,AK_F,F,MUR,2020-09-01,13.1597
AK,AK_F,F,MUR,2020-10-01,11.033096774193549
AK,AK_F,F,MUR,2020-11-01,8.501666666666667
AK,AK_F,F,MUR,2020-12-01,7.533
AK,AK_F,F,MUR,2021-01-01,6.539645161290323
AK,AK_F,F,MUR,2021-02-01,5.393307692307692
AK,AK_F,F,MUR,2021-03-01,5.30141935483871
AK,AK_F,F,MUR,2021-04-01,6.703866666666666
AK,AK_F,F,MUR,2021-05-01,8.448161290322581
AK,AK_F,F,MUR,2021-06-01,10.8155
AK,AK_F,F,MUR,2021-07-01,13.223451612903226
AK,AK_F,F,MUR,2021-08-01,13.65874193548387
AK,AK_F,F,MUR,2021-09-01,11.9666
AK,AK_F,F,MUR,2021-10-01,9.76425806451613
AK,AK_F,F,MUR,2021-11-01,8.356566666666668
AK,AK_F,F,MUR,2021-12-01,6.622419354838709
BC,BC_A,A,MUR,2019-01-01,8.130548387096773
BC,BC_A,A,MUR,2019-02-01,7.146857142857143
BC,BC_A,A,MUR,2019-03-01,7.603870967741935
BC,BC_A,A,MUR,2019-04-01,8.914566666666667
BC,BC_A,A,MUR,2019-05-01,10.741225806451613
BC,BC_A,A,MUR,2019-06-01,12.7717
BC,BC_A,A,MUR,2019-07-01,15.158032258064516
BC,BC_A,A,MUR,2019-08-01,15.134677419354839
BC,BC_A,A,MUR,2019-09-01,13.053366666666667
BC,BC_A,A,MUR,2019-10-01,10.528612903225806
BC,BC_A,A,MUR,2019-11-01,9.513633333333333
BC,BC_A,A,MUR,2019-12-01,8.346645161290322
BC,BC_A,A,MUR,2020-01-01,7.4033225806451615
BC,BC_A,A,MUR,2020-02-01,6.9319310344827585
BC,BC_A,A,MUR,2020-03-01,6.847838709677419
BC,BC_A,A,MUR,2020-04-01,8.242033333333334
BC,BC_A,A,MUR,2020-05-01,10.893709677419356
BC,BC_A,A,MUR,2020-06-01,12.744166666666667
BC,BC_A,A,MUR,2020-07-01,14.640483870967742
BC,BC_A,A,MUR,2020-08-01,15.59858064516129
BC,BC_A,A,MUR,2020-09-01,14.777433333333333
BC,BC_A,A,MUR,2020-10-01,11.477483870967742
BC,BC_A,A,MUR,2020-11-01,8.829233333333333
BC,BC_A,A,MUR,2020-12-01,7.660645161290322
BC,BC_A,A,MUR,2021-01-01,7.061225806451613
BC,BC_A,A,MUR,2021-02-01,6.510692307692308
BC,BC_A,A,MUR,2021-03-01,6.714354838709678
BC,BC_A,A,MUR,2021-04-01,8.281733333333333
BC,BC_A,A,MUR,2021-05-01,9.808677419354838
BC,BC_A,A,MUR,2021-06-01,13.123866666666666
BC,BC_A,A,MUR,2021-07-01,14.93774193548387
BC,BC_A,A,MUR,2021-08-01,15.07258064516129
BC,BC_A,A,MUR,2021-09-01,12.6081
BC,BC_A,A,MUR,2021-10-01,10.24883870967742
BC,BC_A,A,MUR,2021-11-01,9.222666666666667
BC,BC_A,A,MUR,2021-12-01,7.856032258064516
BC,BC_B,B,MUR,2019-01-01,7.91058064516129
BC,BC_B,B,MUR,2019-02-01,6.9234285714285715
BC,BC_B,B,MUR,2019-03-01,7.296709677419355
BC,BC_B,B,MUR,2019-04-01,8.970566666666667
BC,BC_B,B,MUR,2019-05-01,10.940290322580646
BC,BC_B,B,MUR,2019-06-01,12.946366666666666
BC,BC_B,B,MUR,2019-07-01,15.33274193548387
BC,BC_B,B,MUR,2019-08-01,15.172064516129032
BC,BC_B,B,MUR,2019-09-01,13.0875
BC,BC_B,B,MUR,2019-10-01,10.420032258064516
BC,BC_B,B,MUR,2019-11-01,9.3734
BC,BC_B,B,MUR,2019-12-01,8.198612903225806
BC,BC_B,B,MUR,2020-01-01,7.307741935483871
BC,BC_B,B,MUR,2020-02-01,6.750551724137931
BC,BC_B,B,MUR,2020-03-01,6.694322580645161
BC,BC_B,B,MUR,2020-04-01,8.213033333333334
BC,BC_B,B,MUR,2020-05-01,10.979903225806451
BC,BC_B,B,MUR,2020-06-01,12.9395
BC,BC_B,B,MUR,2020-07-01,14.806258064516129
BC,BC_B,B,MUR,2020-08-01,15.576193548387097
BC,BC_B,B,MUR,2020-09-01,14.655066666666666
BC,BC_B,B,MUR,2020-10-01,11.315290322580646
BC,BC_B,B,MUR,2020-11-01,8.6058
BC,BC_B,B,MUR,2020-12-01,7.411548387096774
BC,BC_B,B,MUR,2021-01-01,6.890516129032258
BC,BC_B,B,MUR,2021-02-01,6.309730769230769
BC,BC_B,B,MUR,2021-03-01,6.540387096774194
BC,BC_B,B,MUR,2021-04-01,8.1947
BC,BC_B,B,MUR,2021-05-01,10.006580645161291
BC,BC_B,B,MUR,2021-06-01,13.365
BC,BC_B,B,MUR,2021-07-01,15.17041935483871
BC,BC_B,B,MUR,2021-08-01,15.154838709677419
BC,BC_B,B,MUR,2021-09-01,12.6124
BC,BC_B,B,MUR,2021-10-01,10.179774193548386
BC,BC_B,B,MUR,2021-11-01,8.9836
BC,BC_B,B,MUR,2021-12-01,7.598838709677419
BC,BC_C,C,MUR,2019-01-01,8.017806451612904
BC,BC_C,C,MUR,2019-02-01,7.061392857142857
BC,BC_C,C,MUR,2019-03-01,7.374741935483871
BC,BC_C,C,MUR,2019-04-01,8.874133333333333
BC,BC_C,C,MUR,2019-05-01,10.720225806451612
BC,BC_C,C,MUR,2019-06-01,12.6209
BC,BC_C,C,MUR,2019-07-01,15.54916129032258
BC,BC_C,C,MUR,2019-08-01,15.398612903225807
BC,BC_C,C,MUR,2019-09-01,13.552033333333334
BC,BC_C,C,MUR,2019-10-01,10.742967741935484
BC,BC_C,C,MUR,2019-11-01,9.487766666666667
BC,BC_C,C,MUR,2019-12-01,8.267193548387096
BC,BC_C,C,MUR,2020-01-01,7.335322580645161
BC,BC_C,C,MUR,2020-02-01,6.889827586206897
BC,BC_C,C,MUR,2020-03-01,6.870483870967742
BC,BC_C,C,MUR,2020-04-01,8.208966666666667
BC,BC_C,C,MUR,2020-05-01,10.817548387096775
BC,BC_C,C,MUR,2020-06-01,12.8371
BC,BC_C,C,MUR,2020-07-01,14.727064516129031
BC,BC_C,C,MUR,2020-08-01,15.57883870967742
BC,BC_C,C,MUR,2020-09-01,14.7791
BC,BC_C,C,MUR,2020-10-01,11.55716129032258
BC,BC_C,C,MUR,2020-11-01,8.7802
BC,BC_C,C,MUR,2020-12-01,7.616129032258065
BC,BC_C,C,MUR,2021-01-01,7.056806451612903
BC,BC_C,C,MUR,2021-02-01,6.445230769230769
BC,BC_C,C,MUR,2021-03-01,6.638451612903226
BC,BC_C,C,MUR,2021-04-01,8.266133333333332
BC,BC_C,C,MUR,2021-05-01,9.90716129032258
BC,BC_C,C,MUR,2021-06-01,13.166633333333333
BC,BC_C,C,MUR,2021-07-01,14.836645161290322
BC,BC_C,C,MUR,2021-08-01,14.985193548387096
BC,BC_C,C,MUR,2021-09-01,12.611166666666666
BC,BC_C,C,MUR,2021-10-01,10.298967741935483
BC,BC_C,C,MUR,2021-11-01,9.174333333333333
BC,BC_C,C,MUR,2021-12-01,7.69641935483871
BC,BC_D,D,MUR,2019-01-01,8.20767741935484
BC,BC_D,D,MUR,2019-02-01,7.07025
BC,BC_D,D,MUR,2019-03-01,7.30958064516129
BC,BC_D,D,MUR,2019-04-01,8.703633333333334
BC,BC_D,D,MUR,2019-05-01,10.618967741935483
BC,BC_D,D,MUR,2019-06-01,12.7352
BC,BC_D,D,MUR,2019-07-01,15.535290322580645
BC,BC_D,D,MUR,2019-08-01,15.563064516129032
BC,BC_D,D,MUR,2019-09-01,13.9323
BC,BC_D,D,MUR,2019-10-01,11.143935483870967
BC,BC_D,D,MUR,2019-11-01,9.741933333333334
BC,BC_D,D,MUR,2019-12-01,8.399903225806451
BC,BC_D,D,MUR,2020-01-01,7.4479999999999995
BC,BC_D,D,MUR,2020-02-01,7.131620689655173
BC,BC_D,D,MUR,2020-03-01,7.027838709677419
BC,BC_D,D,MUR,2020-04-01,8.160666666666666
BC,BC_D,D,MUR,2020-05-01,10.700225806451613
BC,BC_D,D,MUR,2020-06-01,12.679666666666666
BC,BC_D,D,MUR,2020-07-01,14.579
BC,BC_D,D,MUR,2020-08-01,15.46509677419355
BC,BC_D,D,MUR,2020-09-01,14.937966666666666
BC,BC_D,D,MUR,2020-10-01,11.952806451612904
BC,BC_D,D,MUR,2020-11-01,9.061266666666667
BC,BC_D,D,MUR,2020-12-01,7.852193548387096
BC,BC_D,D,MUR,2021-01-01,7.275129032258064
BC,BC_D,D,MUR,2021-02-01,6.447846153846154
BC,BC_D,D,MUR,2021-03-01,6.682161290322581
BC,BC_D,D,MUR,2021-04-01,8.139733333333334
BC,BC_D,D,MUR,2021-05-01,9.79674193548387
BC,BC_D,D,MUR,2021-06-01,12.8602
BC,BC_D,D,MUR,2021-07-01,14.66125806451613
BC,BC_D,D,MUR,2021-08-01,14.910387096774194
BC,BC_D,D,MUR,2021-09-01,12.677366666666666
BC,BC_D,D,MUR,2021-10-01,10.501935483870968
BC,BC_D,D,MUR,2021-11-01,9.396366666666667
BC,BC_D,D,MUR,2021-12-01,7.908387096774193
BC,BC_E,E,MUR,2019-01-01,7.9319354838709675
BC,BC_E,E,MUR,2019-02-01,7.0087142857142855
BC,BC_E,E,MUR,2019-03-01,7.285967741935484
BC,BC_E,E,MUR,2019-04-01,8.827666666666667
BC,BC_E,E,MUR,2019-05-01,10.766225806451613
BC,BC_E,E,MUR,2019-06-01,12.6747
BC,BC_E,E,MUR,2019-07-01,15.637
BC,BC_E,E,MUR,2019-08-01,15.41416129032258
BC,BC_E,E,MUR,2019-09-01,13.6181
BC,BC_E,E,MUR,2019-10-01,10.762967741935483
BC,BC_E,E,MUR,2019-11-01,9.474533333333333
BC,BC_E,E,MUR,2019-12-01,8.219387096774193
BC,BC_E,E,MUR,2020-01-01,7.291193548387096
BC,BC_E,E,MUR,2020-02-01,6.840655172413793
BC,BC_E,E,MUR,2020-03-01,6.833387096774193
BC,BC_E,E,MUR,2020-04-01,8.205366666666666
BC,BC_E,E,MUR,2020-05-01,10.82883870967742
BC,BC_E,E,MUR,2020-06-01,12.848166666666666
BC,BC_E,E,MUR,2020-07-01,14.72541935483871
BC,BC_E,E,MUR,2020-08-01,15.592677419354839
BC,BC_E,E,MUR,2020-09-01,14.751566666666667
BC,BC_E,E,MUR,2020-10-01,11.532870967741935
BC,BC_E,E,MUR,2020-11-01,8.727833333333333
BC,BC_E,E,MUR,2020-12-01,7.50641935483871
BC,BC_E,E,MUR,2021-01-01,6.969129032258064
BC,BC_E,E,MUR,2021-02-01,6.3154615384615385
BC,BC_E,E,MUR,2021-03-01,6.56616129032258
BC,BC_E,E,MUR,2021-04-01,8.211133333333333
BC,BC_E,E,MUR,2021-05-01,9.883967741935484
BC,BC_E,E,MUR,2021-06-01,13.223666666666666
BC,BC_E,E,MUR,2021-07-01,14.94441935483871
BC,BC_E,E,MUR,2021-08-01,14.984870967741935
BC,BC_E,E,MUR,2021-09-01,12.609
BC,BC_E,E,MUR,2021-10-01,10.289032258064516
BC,BC_E,E,MUR,2021-11-01,9.076766666666666
BC,BC_E,E,MUR,2021-12-01,7.6040322580645165
OR,OR_C,C,MUR,2019-01-01,10.885516129032258
OR,OR_C,C,MUR,2019-02-01,9.785678571428571
OR,OR_C,C,MUR,2019-03-01,9.65541935483871
OR,OR_C,C,MUR,2019-04-01,11.110666666666667
OR,OR_C,C,MUR,2019-05-01,11.715806451612904
OR,OR_C,C,MUR,2019-06-01,11.562366666666666
OR,OR_C,C,MUR,2019-07-01,15.351258064516129
OR,OR_C,C,MUR,2019-08-01,14.954967741935484
OR,OR_C,C,MUR,2019-09-01,15.457666666666666
OR,OR_C,C,MUR,2019-10-01,12.272
OR,OR_C,C,MUR,2019-11-01,9.923766666666667
OR,OR_C,C,MUR,2019-12-01,9.955290322580645
OR,OR_C,C,MUR,2020-01-01,10.152612903225807
OR,OR_C,C,MUR,2020-02-01,9.903
OR,OR_C,C,MUR,2020-03-01,8.902064516129032
OR,OR_C,C,MUR,2020-04-01,10.062666666666667
OR,OR_C,C,MUR,2020-05-01,12.850709677419355
OR,OR_C,C,MUR,2020-06-01,12.455566666666666
OR,OR_C,C,MUR,2020-07-01,12.084451612903226
OR,OR_C,C,MUR,2020-08-01,12.810129032258065
OR,OR_C,C,MUR,2020-09-01,12.435666666666666
OR,OR_C,C,MUR,2020-10-01,13.337612903225807
OR,OR_C,C,MUR,2020-11-01,10.738333333333333
OR,OR_C,C,MUR,2020-12-01,10.163451612903225
OR,OR_C,C,MUR,2021-01-01,9.78074193548387
OR,OR_C,C,MUR,2021-02-01,9.273346153846154
OR,OR_C,C,MUR,2021-03-01,8.881580645161291
OR,OR_C,C,MUR,2021-04-01,9.357066666666666
OR,OR_C,C,MUR,2021-05-01,10.434064516129032
OR,OR_C,C,MUR,2021-06-01,13.537666666666667
OR,OR_C,C,MUR,2021-07-01,12.269741935483871
OR,OR_C,C,MUR,2021-08-01,12.34983870967742
OR,OR_C,C,MUR,2021-09-01,12.375466666666666
OR,OR_C,C,MUR,2021-10-01,12.394129032258064
OR,OR_C,C,MUR,2021-11-01,12.087566666666667
OR,OR_C,C,MUR,2021-12-01,10.572516129032259
OR,OR_D,D,MUR,2019-01-01,10.887870967741936
OR,OR_D,D,MUR,2019-02-01,9.790035714285715
OR,OR_D,D,MUR,2019-03-01,9.655483870967743
OR,OR_D,D,MUR,2019-04-01,11.105733333333333
OR,OR_D,D,MUR,2019-05-01,11.73341935483871
OR,OR_D,D,MUR,2019-06-01,11.6044
OR,OR_D,D,MUR,2019-07-01,15.38258064516129
OR,OR_D,D,MUR,2019-08-01,15.005774193548387
OR,OR_D,D,MUR,2019-09-01,15.487666666666666
OR,OR_D,D,MUR,2019-10-01,12.298225806451613
OR,OR_D,D,MUR,2019-11-01,9.9445
OR,OR_D,D,MUR,2019-12-01,9.958193548387097
OR,OR_D,D,MUR,2020-01-01,10.14658064516129
OR,OR_D,D,MUR,2020-02-01,9.9045517241379315
OR,OR_D,D,MUR,2020-03-01,8.90016129032258
OR,OR_D,D,MUR,2020-04-01,10.0633
OR,OR_D,D,MUR,2020-05-01,12.844967741935484
OR,OR_D,D,MUR,2020-06-01,12.476833333333333
OR,OR_D,D,MUR,2020-07-01,12.120225806451613
OR,OR_D,D,MUR,2020-08-01,12.86583870967742
OR,OR_D,D,MUR,2020-09-01,12.460433333333333
OR,OR_D,D,MUR,2020-10-01,13.355161290322581
OR,OR_D,D,MUR,2020-11-01,10.750933333333332
OR,OR_D,D,MUR,2020-12-01,10.183935483870968
OR,OR_D,D,MUR,2021-01-01,9.781290322580645
OR,OR_D,D,MUR,2021-02-01,9.271038461538462
OR,OR_D,D,MUR,2021-03-01,8.879645161290323
OR,OR_D,D,MUR,2021-04-01,9.357
OR,OR_D,D,MUR,2021-05-01,10.452
OR,OR_D,D,MUR,2021-06-01,13.568
OR,OR_D,D,MUR,2021-07-01,12.32
OR,OR_D,D,MUR,2021-08-01,12.413032258064517
OR,OR_D,D,MUR,2021-09-01,12.430299999999999
OR,OR_D,D,MUR,2021-10-01,12.413
OR,OR_D,D,MUR,2021-11-01,12.098133333333333
OR,OR_D,D,MUR,2021-12-01,10.577645161290322
OR,OR_E,E,MUR,2019-01-01,10.881709677419355
OR,OR_E,E,MUR,2019-02-01,9.784178571428571
OR,OR_E,E,MUR,2019-03-01,9.652193548387096
OR,OR_E,E,MUR,2019-04-01,11.106833333333332
OR,OR_E,E,MUR,2019-05-01,11.727806451612903
OR,OR_E,E,MUR,2019-06-01,11.586066666666667
OR,OR_E,E,MUR,2019-07-01,15.371612903225806
OR,OR_E,E,MUR,2019-08-01,14.98225806451613
OR,OR_E,E,MUR,2019-09-01,15.467933333333333
OR,OR_E,E,MUR,2019-10-01,12.283612903225807
OR,OR_E,E,MUR,2019-11-01,9.929166666666667
OR,OR_E,E,MUR,2019-12-01,9.952064516129033
OR,OR_E,E,MUR,2020-01-01,10.147096774193548
OR,OR_E,E,MUR,2020-02-01,9.898655172413793
OR,OR_E,E,MUR,2020-03-01,8.898838709677419
OR,OR_E,E,MUR,2020-04-01,10.0643
OR,OR_E,E,MUR,2020-05-01,12.846677419354839
OR,OR_E,E,MUR,2020-06-01,12.461666666666666
OR,OR_E,E,MUR,2020-07-01,12.10167741935484
OR,OR_E,E,MUR,2020-08-01,12.842419354838709
OR,OR_E,E,MUR,2020-09-01,12.443033333333334
OR,OR_E,E,MUR,2020-10-01,13.343451612903225
OR,OR_E,E,MUR,2020-11-01,10.739933333333333
OR,OR_E,E,MUR,2020-12-01,10.16958064516129
OR,OR_E,E,MUR,2021-01-01,9.77916129032258
OR,OR_E,E,MUR,2021-02-01,9.270807692307692
OR,OR_E,E,MUR,2021-03-01,8.878032258064517
OR,OR_E,E,MUR,2021-04-01,9.358766666666666
OR,OR_E,E,MUR,2021-05-01,10.448774193548386
OR,OR_E,E,MUR,2021-06-01,13.556433333333333
OR,OR_E,E,MUR,2021-07-01,12.303290322580645
OR,OR_E,E,MUR,2021-08-01,12.380096774193548
OR,OR_E,E,MUR,2021-09-01,12.3989
OR,OR_E,E,MUR,2021-10-01,12.401903225806452
OR,OR_E,E,MUR,2021-11-01,12.090566666666666
OR,OR_E,E,MUR,2021-12-01,10.569161290322581
SD,SD_A,A,MUR,2019-01-01,15.239290322580645
SD,SD_A,A,MUR,2019-02-01,14.523321428571428
SD,SD_A,A,MUR,2019-03-01,14.960451612903226
SD,SD_A,A,MUR,2019-04-01,16.5481
SD,SD_A,A,MUR,2019-05-01,16.895129032258065
SD,SD_A,A,MUR,2019-06-01,18.559633333333334
SD,SD_A,A,MUR,2019-07-01,20.524838709677418
SD,SD_A,A,MUR,2019-08-01,21.054709677419353
SD,SD_A,A,MUR,2019-09-01,21.9066
SD,SD_A,A,MUR,2019-10-01,19.62077419354839
SD,SD_A,A,MUR,2019-11-01,17.527
SD,SD_A,A,MUR,2019-12-01,16.08325806451613
SD,SD_A,A,MUR,2020-01-01,15.243741935483872
SD,SD_A,A,MUR,2020-02-01,15.050896551724138
SD,SD_A,A,MUR,2020-03-01,15.89641935483871
SD,SD_A,A,MUR,2020-04-01,17.069566666666667
SD,SD_A,A,MUR,2020-05-01,19.618
SD,SD_A,A,MUR,2020-06-01,19.44173333333333
SD,SD_A,A,MUR,2020-07-01,20.866774193548387
SD,SD_A,A,MUR,2020-08-01,21.46693548387097
SD,SD_A,A,MUR,2020-09-01,21.583466666666666
SD,SD_A,A,MUR,2020-10-01,20.675064516129034
SD,SD_A,A,MUR,2020-11-01,17.16283333333333
SD,SD_A,A,MUR,2020-12-01,15.187612903225807
SD,SD_A,A,MUR,2021-01-01,14.424516129032257
SD,SD_A,A,MUR,2021-02-01,14.357346153846153
SD,SD_A,A,MUR,2021-03-01,14.110870967741935
SD,SD_A,A,MUR,2021-04-01,16.263066666666667
SD,SD_A,A,MUR,2021-05-01,17.861483870967742
SD,SD_A,A,MUR,2021-06-01,19.424966666666666
SD,SD_A,A,MUR,2021-07-01,21.233129032258063
SD,SD_A,A,MUR,2021-08-01,20.715032258064515
SD,SD_A,A,MUR,2021-09-01,20.063333333333333
SD,SD_A,A,MUR,2021-10-01,18.623516129032257
SD,SD_A,A,MUR,2021-11-01,17.362266666666667
SD,SD_A,A,MUR,2021-12-01,15.57583870967742
SD,SD_D,D,MUR,2019-01-01,15.372129032258064
SD,SD_D,D,MUR,2019-02-01,14.661142857142858
SD,SD_D,D,MUR,2019-03-01,15.093903225806452
SD,SD_D,D,MUR,2019-04-01,16.646633333333334
SD,SD_D,D,MUR,2019-05-01,16.986967741935484
SD,SD_D,D,MUR,2019-06-01,18.5591
SD,SD_D,D,MUR,2019-07-01,20.547354838709676
SD,SD_D,D,MUR,2019-08-01,21.286161290322582
SD,SD_D,D,MUR,2019-09-01,22.073566666666668
SD,SD_D,D,MUR,2019-10-01,19.742838709677418
SD,SD_D,D,MUR,2019-11-01,17.7169
SD,SD_D,D,MUR,2019-12-01,16.161129032258064
SD,SD_D,D,MUR,2020-01-01,15.41583870967742
SD,SD_D,D,MUR,2020-02-01,15.289241379310345
SD,SD_D,D,MUR,2020-03-01,15.86325806451613
SD,SD_D,D,MUR,2020-04-01,17.021366666666665
SD,SD_D,D,MUR,2020-05-01,19.498967741935484
SD,SD_D,D,MUR,2020-06-01,19.475466666666666
SD,SD_D,D,MUR,2020-07-01,21.13222580645161
SD,SD_D,D,MUR,2020-08-01,21.670129032258064
SD,SD_D,D,MUR,2020-09-01,21.7906
SD,SD_D,D,MUR,2020-10-01,20.92474193548387
SD,SD_D,D,MUR,2020-11-01,17.2693
SD,SD_D,D,MUR,2020-12-01,15.464129032258064
SD,SD_D,D,MUR,2021-01-01,14.57758064516129
SD,SD_D,D,MUR,2021-02-01,14.277538461538462
SD,SD_D,D,MUR,2021-03-01,14.198612903225806
SD,SD_D,D,MUR,2021-04-01,16.471233333333334
SD,SD_D,D,MUR,2021-05-01,17.76922580645161
SD,SD_D,D,MUR,2021-06-01,19.313033333333333
SD,SD_D,D,MUR,2021-07-01,21.17274193548387
SD,SD_D,D,MUR,2021-08-01,21.047870967741936
SD,SD_D,D,MUR,2021-09-01,20.3519
SD,SD_D,D,MUR,2021-10-01,18.860064516129032
SD,SD_D,D,MUR,2021-11-01,17.505066666666668
SD,SD_D,D,MUR,2021-12-01,15.758064516129032
WA,WA_A,A,MUR,2019-01-01,8.514709677419354
WA,WA_A,A,MUR,2019-02-01,7.660607142857143
WA,WA_A,A,MUR,2019-03-01,7.676032258064516
WA,WA_A,A,MUR,2019-04-01,8.858466666666667
WA,WA_A,A,MUR,2019-05-01,10.294419354838709
WA,WA_A,A,MUR,2019-06-01,11.6082
WA,WA_A,A,MUR,2019-07-01,12.468838709677419
WA,WA_A,A,MUR,2019-08-01,13.08567741935484
WA,WA_A,A,MUR,2019-09-01,11.803033333333333
WA,WA_A,A,MUR,2019-10-01,10.317032258064517
WA,WA_A,A,MUR,2019-11-01,9.3873
WA,WA_A,A,MUR,2019-12-01,8.132483870967741
WA,WA_A,A,MUR,2020-01-01,8.026129032258064
WA,WA_A,A,MUR,2020-02-01,7.7427931034482755
WA,WA_A,A,MUR,2020-03-01,7.601483870967742
WA,WA_A,A,MUR,2020-04-01,8.5242
WA,WA_A,A,MUR,2020-05-01,9.821677419354838
WA,WA_A,A,MUR,2020-06-01,10.669966666666667
WA,WA_A,A,MUR,2020-07-01,11.929774193548386
WA,WA_A,A,MUR,2020-08-01,12.892129032258065
WA,WA_A,A,MUR,2020-09-01,12.1363
WA,WA_A,A,MUR,2020-10-01,10.616612903225807
WA,WA_A,A,MUR,2020-11-01,9.055166666666667
WA,WA_A,A,MUR,2020-12-01,8.383225806451613
WA,WA_A,A,MUR,2021-01-01,7.9199677419354835
WA,WA_A,A,MUR,2021-02-01,7.446923076923077
WA,WA_A,A,MUR,2021-03-01,7.5320967741935485
WA,WA_A,A,MUR,2021-04-01,8.4572
WA,WA_A,A,MUR,2021-05-01,9.51016129032258
WA,WA_A,A,MUR,2021-06-01,11.3164
WA,WA_A,A,MUR,2021-07-01,12.574
WA,WA_A,A,MUR,2021-08-01,13.146258064516129
WA,WA_A,A,MUR,2021-09-01,11.462733333333333
WA,WA_A,A,MUR,2021-10-01,10.084741935483871
WA,WA_A,A,MUR,2021-11-01,9.508866666666666
WA,WA_A,A,MUR,2021-12-01,8.257903225806452
WA,WA_B,B,MUR,2019-01-01,8.542387096774194
WA,WA_B,B,MUR,2019-02-01,7.722571428571428
WA,WA_B,B,MUR,2019-03-01,7.732870967741936
WA,WA_B,B,MUR,2019-04-01,8.807500000000001
WA,WA_B,B,MUR,2019-05-01,10.242967741935484
WA,WA_B,B,MUR,2019-06-01,11.5813
WA,WA_B,B,MUR,2019-07-01,12.435129032258065
WA,WA_B,B,MUR,2019-08-01,13.15109677419355
WA,WA_B,B,MUR,2019-09-01,11.813666666666666
WA,WA_B,B,MUR,2019-10-01,10.303451612903226
WA,WA_B,B,MUR,2019-11-01,9.398133333333334
WA,WA_B,B,MUR,2019-12-01,8.160451612903225
WA,WA_B,B,MUR,2020-01-01,8.023838709677419
WA,WA_B,B,MUR,2020-02-01,7.749758620689655
WA,WA_B,B,MUR,2020-03-01,7.611387096774194
WA,WA_B,B,MUR,2020-04-01,8.498
WA,WA_B,B,MUR,2020-05-01,9.781774193548387
WA,WA_B,B,MUR,2020-06-01,10.6414
WA,WA_B,B,MUR,2020-07-01,11.822516129032259
WA,WA_B,B,MUR,2020-08-01,12.683290322580644
WA,WA_B,B,MUR,2020-09-01,11.9661
WA,WA_B,B,MUR,2020-10-01,10.57725806451613
WA,WA_B,B,MUR,2020-11-01,9.055
WA,WA_B,B,MUR,2020-12-01,8.390935483870967
WA,WA_B,B,MUR,2021-01-01,7.9108709677419355
WA,WA_B,B,MUR,2021-02-01,7.453576923076923
WA,WA_B,B,MUR,2021-03-01,7.529258064516129
WA,WA_B,B,MUR,2021-04-01,8.434966666666666
WA,WA_B,B,MUR,2021-05-01,9.524225806451613
WA,WA_B,B,MUR,2021-06-01,11.405133333333334
WA,WA_B,B,MUR,2021-07-01,12.724516129032258
WA,WA_B,B,MUR,2021-08-01,13.163967741935483
WA,WA_B,B,MUR,2021-09-01,11.3783
WA,WA_B,B,MUR,2021-10-01,10.068129032258064
WA,WA_B,B,MUR,2021-11-01,9.503933333333332
WA,WA_B,B,MUR,2021-12-01,8.256677419354839
WA,WA_C,C,MUR,2019-01-01,8.278161290322581
WA,WA_C,C,MUR,2019-02-01,7.6506428571428575
WA,WA_C,C,MUR,2019-03-01,7.595193548387097
WA,WA_C,C,MUR,2019-04-01,9.092333333333332
WA,WA_C,C,MUR,2019-05-01,11.015064516129032
WA,WA_C,C,MUR,2019-06-01,13.060500000000001
WA,WA_C,C,MUR,2019-07-01,14.073258064516128
WA,WA_C,C,MUR,2019-08-01,14.787967741935484
WA,WA_C,C,MUR,2019-09-01,12.881066666666667
WA,WA_C,C,MUR,2019-10-01,10.634322580645161
WA,WA_C,C,MUR,2019-11-01,9.6779
WA,WA_C,C,MUR,2019-12-01,8.03925806451613
WA,WA_C,C,MUR,2020-01-01,7.96583870967742
WA,WA_C,C,MUR,2020-02-01,7.7140344827586205
WA,WA_C,C,MUR,2020-03-01,7.627032258064516
WA,WA_C,C,MUR,2020-04-01,8.659766666666666
WA,WA_C,C,MUR,2020-05-01,10.297322580645162
WA,WA_C,C,MUR,2020-06-01,11.4785
WA,WA_C,C,MUR,2020-07-01,13.736935483870967
WA,WA_C,C,MUR,2020-08-01,14.868645161290322
WA,WA_C,C,MUR,2020-09-01,13.420366666666666
WA,WA_C,C,MUR,2020-10-01,11.250064516129033
WA,WA_C,C,MUR,2020-11-01,9.064066666666667
WA,WA_C,C,MUR,2020-12-01,8.383903225806451
WA,WA_C,C,MUR,2021-01-01,7.757258064516129
WA,WA_C,C,MUR,2021-02-01,7.335346153846154
WA,WA_C,C,MUR,2021-03-01,7.449548387096774
WA,WA_C,C,MUR,2021-04-01,8.6728
WA,WA_C,C,MUR,2021-05-01,10.440774193548387
WA,WA_C,C,MUR,2021-06-01,12.723566666666667
WA,WA_C,C,MUR,2021-07-01,14.680741935483871
WA,WA_C,C,MUR,2021-08-01,14.95474193548387
WA,WA_C,C,MUR,2021-09-01,12.8169
WA,WA_C,C,MUR,2021-10-01,10.135870967741935
WA,WA_C,C,MUR,2021-11-01,9.316733333333334
WA,WA_C,C,MUR,2021-12-01,8.217354838709678
WA,WA_D,D,MUR,2019-01-01,8.34416129032258
WA,WA_D,D,MUR,2019-02-01,7.7135
WA,WA_D,D,MUR,2019-03-01,7.586387096774193
WA,WA_D,D,MUR,2019-04-01,9.053266666666666
WA,WA_D,D,MUR,2019-05-01,10.957483870967742
WA,WA_D,D,MUR,2019-06-01,13.1251
WA,WA_D,D,MUR,2019-07-01,14.12741935483871
WA,WA_D,D,MUR,2019-08-01,14.920903225806452
WA,WA_D,D,MUR,2019-09-01,13.0156
WA,WA_D,D,MUR,2019-10-01,10.670516129032258
WA,WA_D,D,MUR,2019-11-01,9.723066666666666
WA,WA_D,D,MUR,2019-12-01,8.083903225806452
WA,WA_D,D,MUR,2020-01-01,8.004193548387097
WA,WA_D,D,MUR,2020-02-01,7.700241379310345
WA,WA_D,D,MUR,2020-03-01,7.670096774193548
WA,WA_D,D,MUR,2020-04-01,8.6279
WA,WA_D,D,MUR,2020-05-01,10.321677419354838
WA,WA_D,D,MUR,2020-06-01,11.501033333333334
WA,WA_D,D,MUR,2020-07-01,13.514451612903226
WA,WA_D,D,MUR,2020-08-01,14.546483870967743
WA,WA_D,D,MUR,2020-09-01,13.199733333333333
WA,WA_D,D,MUR,2020-10-01,11.278129032258065
WA,WA_D,D,MUR,2020-11-01,9.111
WA,WA_D,D,MUR,2020-12-01,8.443967741935484
WA,WA_D,D,MUR,2021-01-01,7.790967741935484
WA,WA_D,D,MUR,2021-02-01,7.344423076923077
WA,WA_D,D,MUR,2021-03-01,7.423064516129032
WA,WA_D,D,MUR,2021-04-01,8.708733333333333
WA,WA_D,D,MUR,2021-05-01,10.582032258064515
WA,WA_D,D,MUR,2021-06-01,12.973533333333334
WA,WA_D,D,MUR,2021-07-01,15.007483870967741
WA,WA_D,D,MUR,2021-08-01,15.01432258064516
WA,WA_D,D,MUR,2021-09-01,12.7335
WA,WA_D,D,MUR,2021-10-01,10.181935483870967
WA,WA_D,D,MUR,2021-11-01,9.350266666666666
WA,WA_D,D,MUR,2021-12-01,8.213
WA,WA_E,E,MUR,2019-01-01,8.42583870967742
WA,WA_E,E,MUR,2019-02-01,7.555142857142857
WA,WA_E,E,MUR,2019-03-01,7.549967741935484
WA,WA_E,E,MUR,2019-04-01,8.936066666666667
WA,WA_E,E,MUR,2019-05-01,10.543612903225807
WA,WA_E,E,MUR,2019-06-01,12.152166666666666
WA,WA_E,E,MUR,2019-07-01,13.09183870967742
WA,WA_E,E,MUR,2019-08-01,13.734129032258064
WA,WA_E,E,MUR,2019-09-01,12.2002
WA,WA_E,E,MUR,2019-10-01,10.437870967741935
WA,WA_E,E,MUR,2019-11-01,9.484166666666667
WA,WA_E,E,MUR,2019-12-01,8.079290322580645
WA,WA_E,E,MUR,2020-01-01,7.973451612903226
WA,WA_E,E,MUR,2020-02-01,7.718241379310345
WA,WA_E,E,MUR,2020-03-01,7.584
WA,WA_E,E,MUR,2020-04-01,8.4985
WA,WA_E,E,MUR,2020-05-01,9.904677419354838
WA,WA_E,E,MUR,2020-06-01,10.902466666666667
WA,WA_E,E,MUR,2020-07-01,12.706193548387096
WA,WA_E,E,MUR,2020-08-01,13.77874193548387
WA,WA_E,E,MUR,2020-09-01,12.6957
WA,WA_E,E,MUR,2020-10-01,10.835870967741936
WA,WA_E,E,MUR,2020-11-01,9.059466666666667
WA,WA_E,E,MUR,2020-12-01,8.377193548387098
WA,WA_E,E,MUR,2021-01-01,7.833387096774194
WA,WA_E,E,MUR,2021-02-01,7.3815
WA,WA_E,E,MUR,2021-03-01,7.413870967741936
WA,WA_E,E,MUR,2021-04-01,8.4901
WA,WA_E,E,MUR,2021-05-01,9.767387096774193
WA,WA_E,E,MUR,2021-06-01,11.729066666666666
WA,WA_E,E,MUR,2021-07-01,13.293903225806451
WA,WA_E,E,MUR,2021-08-01,13.820354838709678
WA,WA_E,E,MUR,2021-09-01,12.0134
WA,WA_E,E,MUR,2021-10-01,10.074903225806452
WA,WA_E,E,MUR,2021-11-01,9.435166666666667
WA,WA_E,E,MUR,2021-12-01,8.251774193548387
BB,BB_A,A,G1SST,2019-01-01,12.484838709677422
BB,BB_A,A,G1SST,2019-02-01,12.48464285714286
BB,BB_A,A,G1SST,2019-03-01,12.817096774193555
BB,BB_A,A,G1SST,2019-04-01,11.459333333333339
BB,BB_A,A,G1SST,2019-05-01,12.652580645161297
BB,BB_A,A,G1SST,2019-06-01,12.177666666666667
BB,BB_A,A,G1SST,2019-07-01,13.42677419354839
BB,BB_A,A,G1SST,2019-08-01,13.028387096774196
BB,BB_A,A,G1SST,2019-09-01,14.61
BB,BB_B,B,G1SST,2019-01-01,12.493225806451619
BB,BB_B,B,G1SST,2019-02-01,12.485357142857147
BB,BB_B,B,G1SST,2019-03-01,12.812903225806455
BB,BB_B,B,G1SST,2019-04-01,11.453666666666672
BB,BB_B,B,G1SST,2019-05-01,12.639354838709684
BB,BB_B,B,G1SST,2019-06-01,12.13866666666667
BB,BB_B,B,G1SST,2019-07-01,13.410000000000009
BB,BB_B,B,G1SST,2019-08-01,12.986451612903236
BB,BB_B,B,G1SST,2019-09-01,14.58
BB,BB_C,C,G1SST,2019-01-01,12.449677419354845
BB,BB_C,C,G1SST,2019-02-01,12.501428571428578
BB,BB_C,C,G1SST,2019-03-01,12.848709677419365
BB,BB_C,C,G1SST,2019-04-01,11.71266666666667
BB,BB_C,C,G1SST,2019-05-01,12.823548387096778
BB,BB_C,C,G1SST,2019-06-01,12.755333333333333
BB,BB_C,C,G1SST,2019-07-01,13.644516129032262
BB,BB_C,C,G1SST,2019-08-01,13.547741935483874
BB,BB_C,C,G1SST,2019-09-01,15.2
BB,BB_D,D,G1SST,2019-01-01,12.490967741935487
BB,BB_D,D,G1SST,2019-02-01,12.497857142857143
BB,BB_D,D,G1SST,2019-03-01,12.825483870967746
BB,BB_D,D,G1SST,2019-04-01,11.469000000000005
BB,BB_D,D,G1SST,2019-05-01,12.657419354838712
BB,BB_D,D,G1SST,2019-06-01,12.202666666666676
BB,BB_D,D,G1SST,2019-07-01,13.428709677419354
BB,BB_D,D,G1SST,2019-08-01,13.048709677419355
BB,BB_D,D,G1SST,2019-09-01,14.64
BB,BB_E,E,G1SST,2019-01-01,12.5083870967742
BB,BB_E,E,G1SST,2019-02-01,12.440357142857144
BB,BB_E,E,G1SST,2019-03-01,12.825806451612907
BB,BB_E,E,G1SST,2019-04-01,11.998
BB,BB_E,E,G1SST,2019-05-01,12.910322580645165
BB,BB_E,E,G1SST,2019-06-01,13.032000000000004
BB,BB_E,E,G1SST,2019-07-01,13.646774193548387
BB,BB_E,E,G1SST,2019-08-01,14.053548387096773
BB,BB_E,E,G1SST,2019-09-01,15.97
OR,OR_B,B,G1SST,2019-01-01,10.83354838709678
OR,OR_B,B,G1SST,2019-02-01,10.0132142857143
OR,OR_B,B,G1SST,2019-03-01,10.519677419354844
OR,OR_B,B,G1SST,2019-04-01,11.491000000000005
OR,OR_B,B,G1SST,2019-05-01,11.285806451612908
OR,OR_B,B,G1SST,2019-06-01,11.130666666666679
OR,OR_B,B,G1SST,2019-07-01,14.009354838709678
OR,OR_B,B,G1SST,2019-08-01,14.560645161290331
OR,OR_B,B,G1SST,2019-09-01,13.09
